,ID,Eye,Image_path,Label_path
0,1,1,1_1_1/x/faker_6046_1_1_1.jpg,1_1_1/y/faker_6046_1_1_1.png
1,1,1,1_1_1/x/faker_6047_1_1_2.jpg,1_1_1/y/faker_6047_1_1_2.png
2,1,1,1_1_1/x/faker_6048_1_1_3.jpg,1_1_1/y/faker_6048_1_1_3.png
3,1,1,1_1_1/x/faker_6049_1_1_4.jpg,1_1_1/y/faker_6049_1_1_4.png
4,1,1,1_1_1/x/faker_6050_1_1_5.jpg,1_1_1/y/faker_6050_1_1_5.png
5,1,1,1_1_1/x/faker_6051_1_1_6.jpg,1_1_1/y/faker_6051_1_1_6.png
6,1,1,1_1_1/x/faker_6052_1_1_7.jpg,1_1_1/y/faker_6052_1_1_7.png
7,1,1,1_1_1/x/faker_6054_1_1_8.jpg,1_1_1/y/faker_6054_1_1_8.png
8,1,1,1_1_1/x/faker_6055_1_1_9.jpg,1_1_1/y/faker_6055_1_1_9.png
9,1,1,1_1_1/x/faker_6056_1_1_10.jpg,1_1_1/y/faker_6056_1_1_10.png
10,1,1,1_1_1/x/faker_6057_1_1_11.jpg,1_1_1/y/faker_6057_1_1_11.png
11,1,1,1_1_1/x/faker_6058_1_1_12.jpg,1_1_1/y/faker_6058_1_1_12.png
12,1,1,1_1_1/x/faker_6059_1_1_13.jpg,1_1_1/y/faker_6059_1_1_13.png
13,1,1,1_1_1/x/faker_6060_1_1_14.jpg,1_1_1/y/faker_6060_1_1_14.png
14,1,1,1_1_1/x/faker_0_1_1_15.jpg,1_1_1/y/faker_0_1_1_15.png
15,1,1,1_1_1/x/faker_2_1_1_16.jpg,1_1_1/y/faker_2_1_1_16.png
16,1,1,1_1_1/x/faker_3_1_1_17.jpg,1_1_1/y/faker_3_1_1_17.png
17,1,1,1_1_1/x/faker_4_1_1_18.jpg,1_1_1/y/faker_4_1_1_18.png
18,1,1,1_1_1/x/faker_5_1_1_19.jpg,1_1_1/y/faker_5_1_1_19.png
19,1,1,1_1_1/x/faker_6_1_1_20.jpg,1_1_1/y/faker_6_1_1_20.png
20,2,2,2_2_1/x/faker_7_2_1_1.jpg,2_2_1/y/faker_7_2_1_1.png
21,2,2,2_2_1/x/faker_8_2_1_2.jpg,2_2_1/y/faker_8_2_1_2.png
22,2,2,2_2_1/x/faker_9_2_1_3.jpg,2_2_1/y/faker_9_2_1_3.png
23,2,2,2_2_1/x/faker_11_2_1_4.jpg,2_2_1/y/faker_11_2_1_4.png
24,2,2,2_2_1/x/faker_15_2_1_5.jpg,2_2_1/y/faker_15_2_1_5.png
25,2,2,2_2_1/x/faker_16_2_1_6.jpg,2_2_1/y/faker_16_2_1_6.png
26,2,2,2_2_1/x/faker_17_2_1_7.jpg,2_2_1/y/faker_17_2_1_7.png
27,2,2,2_2_1/x/faker_19_2_1_8.jpg,2_2_1/y/faker_19_2_1_8.png
28,2,2,2_2_1/x/faker_20_2_1_9.jpg,2_2_1/y/faker_20_2_1_9.png
29,2,2,2_2_1/x/faker_21_2_1_10.jpg,2_2_1/y/faker_21_2_1_10.png
30,2,2,2_2_1/x/faker_22_2_1_11.jpg,2_2_1/y/faker_22_2_1_11.png
31,2,2,2_2_1/x/faker_23_2_1_12.jpg,2_2_1/y/faker_23_2_1_12.png
32,2,2,2_2_1/x/faker_24_2_1_13.jpg,2_2_1/y/faker_24_2_1_13.png
33,2,2,2_2_1/x/faker_25_2_1_14.jpg,2_2_1/y/faker_25_2_1_14.png
34,2,2,2_2_1/x/faker_26_2_1_15.jpg,2_2_1/y/faker_26_2_1_15.png
35,2,2,2_2_1/x/faker_27_2_1_16.jpg,2_2_1/y/faker_27_2_1_16.png
36,2,2,2_2_1/x/faker_29_2_1_17.jpg,2_2_1/y/faker_29_2_1_17.png
37,2,2,2_2_1/x/faker_30_2_1_18.jpg,2_2_1/y/faker_30_2_1_18.png
38,2,2,2_2_1/x/faker_31_2_1_19.jpg,2_2_1/y/faker_31_2_1_19.png
39,2,2,2_2_1/x/faker_32_2_1_20.jpg,2_2_1/y/faker_32_2_1_20.png
40,3,3,3_3_1/x/faker_34_3_1_1.jpg,3_3_1/y/faker_34_3_1_1.png
41,3,3,3_3_1/x/faker_36_3_1_2.jpg,3_3_1/y/faker_36_3_1_2.png
42,3,3,3_3_1/x/faker_37_3_1_3.jpg,3_3_1/y/faker_37_3_1_3.png
43,3,3,3_3_1/x/faker_38_3_1_4.jpg,3_3_1/y/faker_38_3_1_4.png
44,3,3,3_3_1/x/faker_39_3_1_5.jpg,3_3_1/y/faker_39_3_1_5.png
45,3,3,3_3_1/x/faker_40_3_1_6.jpg,3_3_1/y/faker_40_3_1_6.png
46,3,3,3_3_1/x/faker_41_3_1_7.jpg,3_3_1/y/faker_41_3_1_7.png
47,3,3,3_3_1/x/faker_43_3_1_8.jpg,3_3_1/y/faker_43_3_1_8.png
48,3,3,3_3_1/x/faker_44_3_1_9.jpg,3_3_1/y/faker_44_3_1_9.png
49,3,3,3_3_1/x/faker_46_3_1_10.jpg,3_3_1/y/faker_46_3_1_10.png
50,3,3,3_3_1/x/faker_47_3_1_11.jpg,3_3_1/y/faker_47_3_1_11.png
51,3,3,3_3_1/x/faker_48_3_1_12.jpg,3_3_1/y/faker_48_3_1_12.png
52,3,3,3_3_1/x/faker_49_3_1_13.jpg,3_3_1/y/faker_49_3_1_13.png
53,3,3,3_3_1/x/faker_50_3_1_14.jpg,3_3_1/y/faker_50_3_1_14.png
54,3,3,3_3_1/x/faker_51_3_1_15.jpg,3_3_1/y/faker_51_3_1_15.png
55,3,3,3_3_1/x/faker_52_3_1_16.jpg,3_3_1/y/faker_52_3_1_16.png
56,3,3,3_3_1/x/faker_54_3_1_17.jpg,3_3_1/y/faker_54_3_1_17.png
57,3,3,3_3_1/x/faker_55_3_1_18.jpg,3_3_1/y/faker_55_3_1_18.png
58,3,3,3_3_1/x/faker_57_3_1_19.jpg,3_3_1/y/faker_57_3_1_19.png
59,3,3,3_3_1/x/faker_58_3_1_20.jpg,3_3_1/y/faker_58_3_1_20.png
60,4,3,4_3_2/x/faker_59_3_2_1.jpg,4_3_2/y/faker_59_3_2_1.png
61,4,3,4_3_2/x/faker_60_3_2_2.jpg,4_3_2/y/faker_60_3_2_2.png
62,4,3,4_3_2/x/faker_63_3_2_3.jpg,4_3_2/y/faker_63_3_2_3.png
63,4,3,4_3_2/x/faker_64_3_2_4.jpg,4_3_2/y/faker_64_3_2_4.png
64,4,3,4_3_2/x/faker_65_3_2_5.jpg,4_3_2/y/faker_65_3_2_5.png
65,4,3,4_3_2/x/faker_66_3_2_6.jpg,4_3_2/y/faker_66_3_2_6.png
66,4,3,4_3_2/x/faker_68_3_2_7.jpg,4_3_2/y/faker_68_3_2_7.png
67,4,3,4_3_2/x/faker_69_3_2_8.jpg,4_3_2/y/faker_69_3_2_8.png
68,4,3,4_3_2/x/faker_70_3_2_9.jpg,4_3_2/y/faker_70_3_2_9.png
69,4,3,4_3_2/x/faker_72_3_2_10.jpg,4_3_2/y/faker_72_3_2_10.png
70,4,3,4_3_2/x/faker_73_3_2_11.jpg,4_3_2/y/faker_73_3_2_11.png
71,4,3,4_3_2/x/faker_74_3_2_12.jpg,4_3_2/y/faker_74_3_2_12.png
72,4,3,4_3_2/x/faker_76_3_2_13.jpg,4_3_2/y/faker_76_3_2_13.png
73,4,3,4_3_2/x/faker_77_3_2_14.jpg,4_3_2/y/faker_77_3_2_14.png
74,4,3,4_3_2/x/faker_78_3_2_15.jpg,4_3_2/y/faker_78_3_2_15.png
75,4,3,4_3_2/x/faker_80_3_2_16.jpg,4_3_2/y/faker_80_3_2_16.png
76,4,3,4_3_2/x/faker_81_3_2_17.jpg,4_3_2/y/faker_81_3_2_17.png
77,4,3,4_3_2/x/faker_82_3_2_18.jpg,4_3_2/y/faker_82_3_2_18.png
78,4,3,4_3_2/x/faker_83_3_2_19.jpg,4_3_2/y/faker_83_3_2_19.png
79,4,3,4_3_2/x/faker_84_3_2_20.jpg,4_3_2/y/faker_84_3_2_20.png
80,5,4,5_4_1/x/faker_85_4_1_1.jpg,5_4_1/y/faker_85_4_1_1.png
81,5,4,5_4_1/x/faker_86_4_1_2.jpg,5_4_1/y/faker_86_4_1_2.png
82,5,4,5_4_1/x/faker_87_4_1_3.jpg,5_4_1/y/faker_87_4_1_3.png
83,5,4,5_4_1/x/faker_88_4_1_4.jpg,5_4_1/y/faker_88_4_1_4.png
84,5,4,5_4_1/x/faker_90_4_1_5.jpg,5_4_1/y/faker_90_4_1_5.png
85,5,4,5_4_1/x/faker_91_4_1_6.jpg,5_4_1/y/faker_91_4_1_6.png
86,5,4,5_4_1/x/faker_92_4_1_7.jpg,5_4_1/y/faker_92_4_1_7.png
87,5,4,5_4_1/x/faker_93_4_1_8.jpg,5_4_1/y/faker_93_4_1_8.png
88,5,4,5_4_1/x/faker_94_4_1_9.jpg,5_4_1/y/faker_94_4_1_9.png
89,5,4,5_4_1/x/faker_95_4_1_10.jpg,5_4_1/y/faker_95_4_1_10.png
90,5,4,5_4_1/x/faker_96_4_1_11.jpg,5_4_1/y/faker_96_4_1_11.png
91,5,4,5_4_1/x/faker_97_4_1_12.jpg,5_4_1/y/faker_97_4_1_12.png
92,5,4,5_4_1/x/faker_98_4_1_13.jpg,5_4_1/y/faker_98_4_1_13.png
93,5,4,5_4_1/x/faker_99_4_1_14.jpg,5_4_1/y/faker_99_4_1_14.png
94,5,4,5_4_1/x/faker_100_4_1_15.jpg,5_4_1/y/faker_100_4_1_15.png
95,5,4,5_4_1/x/faker_102_4_1_16.jpg,5_4_1/y/faker_102_4_1_16.png
96,5,4,5_4_1/x/faker_103_4_1_17.jpg,5_4_1/y/faker_103_4_1_17.png
97,5,4,5_4_1/x/faker_104_4_1_18.jpg,5_4_1/y/faker_104_4_1_18.png
98,5,4,5_4_1/x/faker_105_4_1_19.jpg,5_4_1/y/faker_105_4_1_19.png
99,5,4,5_4_1/x/faker_106_4_1_20.jpg,5_4_1/y/faker_106_4_1_20.png
100,6,4,6_4_2/x/faker_107_4_2_1.jpg,6_4_2/y/faker_107_4_2_1.png
101,6,4,6_4_2/x/faker_108_4_2_2.jpg,6_4_2/y/faker_108_4_2_2.png
102,6,4,6_4_2/x/faker_109_4_2_3.jpg,6_4_2/y/faker_109_4_2_3.png
103,6,4,6_4_2/x/faker_110_4_2_4.jpg,6_4_2/y/faker_110_4_2_4.png
104,6,4,6_4_2/x/faker_111_4_2_5.jpg,6_4_2/y/faker_111_4_2_5.png
105,6,4,6_4_2/x/faker_112_4_2_6.jpg,6_4_2/y/faker_112_4_2_6.png
106,6,4,6_4_2/x/faker_113_4_2_7.jpg,6_4_2/y/faker_113_4_2_7.png
107,6,4,6_4_2/x/faker_114_4_2_8.jpg,6_4_2/y/faker_114_4_2_8.png
108,6,4,6_4_2/x/faker_115_4_2_9.jpg,6_4_2/y/faker_115_4_2_9.png
109,6,4,6_4_2/x/faker_116_4_2_10.jpg,6_4_2/y/faker_116_4_2_10.png
110,6,4,6_4_2/x/faker_117_4_2_11.jpg,6_4_2/y/faker_117_4_2_11.png
111,6,4,6_4_2/x/faker_118_4_2_12.jpg,6_4_2/y/faker_118_4_2_12.png
112,6,4,6_4_2/x/faker_119_4_2_13.jpg,6_4_2/y/faker_119_4_2_13.png
113,6,4,6_4_2/x/faker_120_4_2_14.jpg,6_4_2/y/faker_120_4_2_14.png
114,6,4,6_4_2/x/faker_121_4_2_15.jpg,6_4_2/y/faker_121_4_2_15.png
115,6,4,6_4_2/x/faker_122_4_2_16.jpg,6_4_2/y/faker_122_4_2_16.png
116,6,4,6_4_2/x/faker_123_4_2_17.jpg,6_4_2/y/faker_123_4_2_17.png
117,6,4,6_4_2/x/faker_124_4_2_18.jpg,6_4_2/y/faker_124_4_2_18.png
118,6,4,6_4_2/x/faker_125_4_2_19.jpg,6_4_2/y/faker_125_4_2_19.png
119,6,4,6_4_2/x/faker_126_4_2_20.jpg,6_4_2/y/faker_126_4_2_20.png
120,7,4,7_4_3/x/faker_127_4_3_1.jpg,7_4_3/y/faker_127_4_3_1.png
121,7,4,7_4_3/x/faker_128_4_3_2.jpg,7_4_3/y/faker_128_4_3_2.png
122,7,4,7_4_3/x/faker_129_4_3_3.jpg,7_4_3/y/faker_129_4_3_3.png
123,7,4,7_4_3/x/faker_130_4_3_4.jpg,7_4_3/y/faker_130_4_3_4.png
124,7,4,7_4_3/x/faker_131_4_3_5.jpg,7_4_3/y/faker_131_4_3_5.png
125,7,4,7_4_3/x/faker_133_4_3_6.jpg,7_4_3/y/faker_133_4_3_6.png
126,7,4,7_4_3/x/faker_134_4_3_7.jpg,7_4_3/y/faker_134_4_3_7.png
127,7,4,7_4_3/x/faker_135_4_3_8.jpg,7_4_3/y/faker_135_4_3_8.png
128,7,4,7_4_3/x/faker_136_4_3_9.jpg,7_4_3/y/faker_136_4_3_9.png
129,7,4,7_4_3/x/faker_137_4_3_10.jpg,7_4_3/y/faker_137_4_3_10.png
130,7,4,7_4_3/x/faker_138_4_3_11.jpg,7_4_3/y/faker_138_4_3_11.png
131,7,4,7_4_3/x/faker_139_4_3_12.jpg,7_4_3/y/faker_139_4_3_12.png
132,7,4,7_4_3/x/faker_140_4_3_13.jpg,7_4_3/y/faker_140_4_3_13.png
133,7,4,7_4_3/x/faker_141_4_3_14.jpg,7_4_3/y/faker_141_4_3_14.png
134,7,4,7_4_3/x/faker_142_4_3_15.jpg,7_4_3/y/faker_142_4_3_15.png
135,7,4,7_4_3/x/faker_143_4_3_16.jpg,7_4_3/y/faker_143_4_3_16.png
136,7,4,7_4_3/x/faker_144_4_3_17.jpg,7_4_3/y/faker_144_4_3_17.png
137,7,4,7_4_3/x/faker_145_4_3_18.jpg,7_4_3/y/faker_145_4_3_18.png
138,7,4,7_4_3/x/faker_146_4_3_19.jpg,7_4_3/y/faker_146_4_3_19.png
139,7,4,7_4_3/x/faker_147_4_3_20.jpg,7_4_3/y/faker_147_4_3_20.png
140,8,4,8_4_4/x/faker_148_4_4_1.jpg,8_4_4/y/faker_148_4_4_1.png
141,8,4,8_4_4/x/faker_149_4_4_2.jpg,8_4_4/y/faker_149_4_4_2.png
142,8,4,8_4_4/x/faker_150_4_4_3.jpg,8_4_4/y/faker_150_4_4_3.png
143,8,4,8_4_4/x/faker_151_4_4_4.jpg,8_4_4/y/faker_151_4_4_4.png
144,8,4,8_4_4/x/faker_152_4_4_5.jpg,8_4_4/y/faker_152_4_4_5.png
145,8,4,8_4_4/x/faker_153_4_4_6.jpg,8_4_4/y/faker_153_4_4_6.png
146,8,4,8_4_4/x/faker_154_4_4_7.jpg,8_4_4/y/faker_154_4_4_7.png
147,8,4,8_4_4/x/faker_155_4_4_8.jpg,8_4_4/y/faker_155_4_4_8.png
148,8,4,8_4_4/x/faker_156_4_4_9.jpg,8_4_4/y/faker_156_4_4_9.png
149,8,4,8_4_4/x/faker_157_4_4_10.jpg,8_4_4/y/faker_157_4_4_10.png
150,8,4,8_4_4/x/faker_158_4_4_11.jpg,8_4_4/y/faker_158_4_4_11.png
151,8,4,8_4_4/x/faker_159_4_4_12.jpg,8_4_4/y/faker_159_4_4_12.png
152,8,4,8_4_4/x/faker_160_4_4_13.jpg,8_4_4/y/faker_160_4_4_13.png
153,8,4,8_4_4/x/faker_161_4_4_14.jpg,8_4_4/y/faker_161_4_4_14.png
154,8,4,8_4_4/x/faker_162_4_4_15.jpg,8_4_4/y/faker_162_4_4_15.png
155,8,4,8_4_4/x/faker_163_4_4_16.jpg,8_4_4/y/faker_163_4_4_16.png
156,8,4,8_4_4/x/faker_164_4_4_17.jpg,8_4_4/y/faker_164_4_4_17.png
157,8,4,8_4_4/x/faker_165_4_4_18.jpg,8_4_4/y/faker_165_4_4_18.png
158,8,4,8_4_4/x/faker_166_4_4_19.jpg,8_4_4/y/faker_166_4_4_19.png
159,8,4,8_4_4/x/faker_167_4_4_20.jpg,8_4_4/y/faker_167_4_4_20.png
240,13,7,13_7_1/x/faker_251_7_1_1.jpg,13_7_1/y/faker_251_7_1_1.png
241,13,7,13_7_1/x/faker_252_7_1_2.jpg,13_7_1/y/faker_252_7_1_2.png
242,13,7,13_7_1/x/faker_253_7_1_3.jpg,13_7_1/y/faker_253_7_1_3.png
243,13,7,13_7_1/x/faker_254_7_1_4.jpg,13_7_1/y/faker_254_7_1_4.png
244,13,7,13_7_1/x/faker_255_7_1_5.jpg,13_7_1/y/faker_255_7_1_5.png
245,13,7,13_7_1/x/faker_256_7_1_6.jpg,13_7_1/y/faker_256_7_1_6.png
246,13,7,13_7_1/x/faker_257_7_1_7.jpg,13_7_1/y/faker_257_7_1_7.png
247,13,7,13_7_1/x/faker_258_7_1_8.jpg,13_7_1/y/faker_258_7_1_8.png
248,13,7,13_7_1/x/faker_259_7_1_9.jpg,13_7_1/y/faker_259_7_1_9.png
249,13,7,13_7_1/x/faker_260_7_1_10.jpg,13_7_1/y/faker_260_7_1_10.png
250,13,7,13_7_1/x/faker_261_7_1_11.jpg,13_7_1/y/faker_261_7_1_11.png
251,13,7,13_7_1/x/faker_262_7_1_12.jpg,13_7_1/y/faker_262_7_1_12.png
252,13,7,13_7_1/x/faker_263_7_1_13.jpg,13_7_1/y/faker_263_7_1_13.png
253,13,7,13_7_1/x/faker_264_7_1_14.jpg,13_7_1/y/faker_264_7_1_14.png
254,13,7,13_7_1/x/faker_265_7_1_15.jpg,13_7_1/y/faker_265_7_1_15.png
255,13,7,13_7_1/x/faker_266_7_1_16.jpg,13_7_1/y/faker_266_7_1_16.png
256,13,7,13_7_1/x/faker_268_7_1_17.jpg,13_7_1/y/faker_268_7_1_17.png
257,13,7,13_7_1/x/faker_269_7_1_18.jpg,13_7_1/y/faker_269_7_1_18.png
258,13,7,13_7_1/x/faker_270_7_1_19.jpg,13_7_1/y/faker_270_7_1_19.png
259,13,7,13_7_1/x/faker_271_7_1_20.jpg,13_7_1/y/faker_271_7_1_20.png
260,14,7,14_7_2/x/faker_272_7_2_1.jpg,14_7_2/y/faker_272_7_2_1.png
261,14,7,14_7_2/x/faker_273_7_2_2.jpg,14_7_2/y/faker_273_7_2_2.png
262,14,7,14_7_2/x/faker_274_7_2_3.jpg,14_7_2/y/faker_274_7_2_3.png
263,14,7,14_7_2/x/faker_276_7_2_4.jpg,14_7_2/y/faker_276_7_2_4.png
264,14,7,14_7_2/x/faker_277_7_2_5.jpg,14_7_2/y/faker_277_7_2_5.png
265,14,7,14_7_2/x/faker_278_7_2_6.jpg,14_7_2/y/faker_278_7_2_6.png
266,14,7,14_7_2/x/faker_280_7_2_7.jpg,14_7_2/y/faker_280_7_2_7.png
267,14,7,14_7_2/x/faker_281_7_2_8.jpg,14_7_2/y/faker_281_7_2_8.png
268,14,7,14_7_2/x/faker_282_7_2_9.jpg,14_7_2/y/faker_282_7_2_9.png
269,14,7,14_7_2/x/faker_284_7_2_10.jpg,14_7_2/y/faker_284_7_2_10.png
270,14,7,14_7_2/x/faker_285_7_2_11.jpg,14_7_2/y/faker_285_7_2_11.png
271,14,7,14_7_2/x/faker_286_7_2_12.jpg,14_7_2/y/faker_286_7_2_12.png
272,14,7,14_7_2/x/faker_287_7_2_13.jpg,14_7_2/y/faker_287_7_2_13.png
273,14,7,14_7_2/x/faker_289_7_2_14.jpg,14_7_2/y/faker_289_7_2_14.png
274,14,7,14_7_2/x/faker_290_7_2_15.jpg,14_7_2/y/faker_290_7_2_15.png
275,14,7,14_7_2/x/faker_292_7_2_16.jpg,14_7_2/y/faker_292_7_2_16.png
276,14,7,14_7_2/x/faker_293_7_2_17.jpg,14_7_2/y/faker_293_7_2_17.png
277,14,7,14_7_2/x/faker_294_7_2_18.jpg,14_7_2/y/faker_294_7_2_18.png
278,14,7,14_7_2/x/faker_295_7_2_19.jpg,14_7_2/y/faker_295_7_2_19.png
279,14,7,14_7_2/x/faker_296_7_2_20.jpg,14_7_2/y/faker_296_7_2_20.png
280,15,7,15_7_3/x/faker_297_7_3_1.jpg,15_7_3/y/faker_297_7_3_1.png
281,15,7,15_7_3/x/faker_298_7_3_2.jpg,15_7_3/y/faker_298_7_3_2.png
282,15,7,15_7_3/x/faker_299_7_3_3.jpg,15_7_3/y/faker_299_7_3_3.png
283,15,7,15_7_3/x/faker_300_7_3_4.jpg,15_7_3/y/faker_300_7_3_4.png
284,15,7,15_7_3/x/faker_302_7_3_5.jpg,15_7_3/y/faker_302_7_3_5.png
285,15,7,15_7_3/x/faker_304_7_3_6.jpg,15_7_3/y/faker_304_7_3_6.png
286,15,7,15_7_3/x/faker_305_7_3_7.jpg,15_7_3/y/faker_305_7_3_7.png
287,15,7,15_7_3/x/faker_307_7_3_8.jpg,15_7_3/y/faker_307_7_3_8.png
288,15,7,15_7_3/x/faker_308_7_3_9.jpg,15_7_3/y/faker_308_7_3_9.png
289,15,7,15_7_3/x/faker_309_7_3_10.jpg,15_7_3/y/faker_309_7_3_10.png
290,15,7,15_7_3/x/faker_310_7_3_11.jpg,15_7_3/y/faker_310_7_3_11.png
291,15,7,15_7_3/x/faker_311_7_3_12.jpg,15_7_3/y/faker_311_7_3_12.png
292,15,7,15_7_3/x/faker_312_7_3_13.jpg,15_7_3/y/faker_312_7_3_13.png
293,15,7,15_7_3/x/faker_313_7_3_14.jpg,15_7_3/y/faker_313_7_3_14.png
294,15,7,15_7_3/x/faker_314_7_3_15.jpg,15_7_3/y/faker_314_7_3_15.png
295,15,7,15_7_3/x/faker_315_7_3_16.jpg,15_7_3/y/faker_315_7_3_16.png
296,15,7,15_7_3/x/faker_316_7_3_17.jpg,15_7_3/y/faker_316_7_3_17.png
297,15,7,15_7_3/x/faker_317_7_3_18.jpg,15_7_3/y/faker_317_7_3_18.png
298,15,7,15_7_3/x/faker_318_7_3_19.jpg,15_7_3/y/faker_318_7_3_19.png
299,15,7,15_7_3/x/faker_319_7_3_20.jpg,15_7_3/y/faker_319_7_3_20.png
300,16,7,16_7_4/x/faker_320_7_4_1.jpg,16_7_4/y/faker_320_7_4_1.png
301,16,7,16_7_4/x/faker_321_7_4_2.jpg,16_7_4/y/faker_321_7_4_2.png
302,16,7,16_7_4/x/faker_323_7_4_3.jpg,16_7_4/y/faker_323_7_4_3.png
303,16,7,16_7_4/x/faker_324_7_4_4.jpg,16_7_4/y/faker_324_7_4_4.png
304,16,7,16_7_4/x/faker_325_7_4_5.jpg,16_7_4/y/faker_325_7_4_5.png
305,16,7,16_7_4/x/faker_328_7_4_6.jpg,16_7_4/y/faker_328_7_4_6.png
306,16,7,16_7_4/x/faker_329_7_4_7.jpg,16_7_4/y/faker_329_7_4_7.png
307,16,7,16_7_4/x/faker_330_7_4_8.jpg,16_7_4/y/faker_330_7_4_8.png
308,16,7,16_7_4/x/faker_331_7_4_9.jpg,16_7_4/y/faker_331_7_4_9.png
309,16,7,16_7_4/x/faker_332_7_4_10.jpg,16_7_4/y/faker_332_7_4_10.png
310,16,7,16_7_4/x/faker_333_7_4_11.jpg,16_7_4/y/faker_333_7_4_11.png
311,16,7,16_7_4/x/faker_334_7_4_12.jpg,16_7_4/y/faker_334_7_4_12.png
312,16,7,16_7_4/x/faker_335_7_4_13.jpg,16_7_4/y/faker_335_7_4_13.png
313,16,7,16_7_4/x/faker_336_7_4_14.jpg,16_7_4/y/faker_336_7_4_14.png
314,16,7,16_7_4/x/faker_337_7_4_15.jpg,16_7_4/y/faker_337_7_4_15.png
315,16,7,16_7_4/x/faker_338_7_4_16.jpg,16_7_4/y/faker_338_7_4_16.png
316,16,7,16_7_4/x/faker_339_7_4_17.jpg,16_7_4/y/faker_339_7_4_17.png
317,16,7,16_7_4/x/faker_340_7_4_18.jpg,16_7_4/y/faker_340_7_4_18.png
318,16,7,16_7_4/x/faker_341_7_4_19.jpg,16_7_4/y/faker_341_7_4_19.png
319,16,7,16_7_4/x/faker_342_7_4_20.jpg,16_7_4/y/faker_342_7_4_20.png
320,17,7,17_7_5/x/faker_343_7_5_1.jpg,17_7_5/y/faker_343_7_5_1.png
321,17,7,17_7_5/x/faker_344_7_5_2.jpg,17_7_5/y/faker_344_7_5_2.png
322,17,7,17_7_5/x/faker_345_7_5_3.jpg,17_7_5/y/faker_345_7_5_3.png
323,17,7,17_7_5/x/faker_347_7_5_4.jpg,17_7_5/y/faker_347_7_5_4.png
324,17,7,17_7_5/x/faker_348_7_5_5.jpg,17_7_5/y/faker_348_7_5_5.png
325,17,7,17_7_5/x/faker_349_7_5_6.jpg,17_7_5/y/faker_349_7_5_6.png
326,17,7,17_7_5/x/faker_350_7_5_7.jpg,17_7_5/y/faker_350_7_5_7.png
327,17,7,17_7_5/x/faker_351_7_5_8.jpg,17_7_5/y/faker_351_7_5_8.png
328,17,7,17_7_5/x/faker_352_7_5_9.jpg,17_7_5/y/faker_352_7_5_9.png
329,17,7,17_7_5/x/faker_353_7_5_10.jpg,17_7_5/y/faker_353_7_5_10.png
330,17,7,17_7_5/x/faker_354_7_5_11.jpg,17_7_5/y/faker_354_7_5_11.png
331,17,7,17_7_5/x/faker_355_7_5_12.jpg,17_7_5/y/faker_355_7_5_12.png
332,17,7,17_7_5/x/faker_357_7_5_13.jpg,17_7_5/y/faker_357_7_5_13.png
333,17,7,17_7_5/x/faker_359_7_5_14.jpg,17_7_5/y/faker_359_7_5_14.png
334,17,7,17_7_5/x/faker_360_7_5_15.jpg,17_7_5/y/faker_360_7_5_15.png
335,17,7,17_7_5/x/faker_361_7_5_16.jpg,17_7_5/y/faker_361_7_5_16.png
336,17,7,17_7_5/x/faker_362_7_5_17.jpg,17_7_5/y/faker_362_7_5_17.png
337,17,7,17_7_5/x/faker_363_7_5_18.jpg,17_7_5/y/faker_363_7_5_18.png
338,17,7,17_7_5/x/faker_365_7_5_19.jpg,17_7_5/y/faker_365_7_5_19.png
339,17,7,17_7_5/x/faker_366_7_5_20.jpg,17_7_5/y/faker_366_7_5_20.png
340,18,8,18_8_1/x/faker_367_8_1_1.jpg,18_8_1/y/faker_367_8_1_1.png
341,18,8,18_8_1/x/faker_368_8_1_2.jpg,18_8_1/y/faker_368_8_1_2.png
342,18,8,18_8_1/x/faker_369_8_1_3.jpg,18_8_1/y/faker_369_8_1_3.png
343,18,8,18_8_1/x/faker_370_8_1_4.jpg,18_8_1/y/faker_370_8_1_4.png
344,18,8,18_8_1/x/faker_371_8_1_5.jpg,18_8_1/y/faker_371_8_1_5.png
345,18,8,18_8_1/x/faker_374_8_1_6.jpg,18_8_1/y/faker_374_8_1_6.png
346,18,8,18_8_1/x/faker_376_8_1_7.jpg,18_8_1/y/faker_376_8_1_7.png
347,18,8,18_8_1/x/faker_377_8_1_8.jpg,18_8_1/y/faker_377_8_1_8.png
348,18,8,18_8_1/x/faker_378_8_1_9.jpg,18_8_1/y/faker_378_8_1_9.png
349,18,8,18_8_1/x/faker_379_8_1_10.jpg,18_8_1/y/faker_379_8_1_10.png
350,18,8,18_8_1/x/faker_380_8_1_11.jpg,18_8_1/y/faker_380_8_1_11.png
351,18,8,18_8_1/x/faker_381_8_1_12.jpg,18_8_1/y/faker_381_8_1_12.png
352,18,8,18_8_1/x/faker_382_8_1_13.jpg,18_8_1/y/faker_382_8_1_13.png
353,18,8,18_8_1/x/faker_383_8_1_14.jpg,18_8_1/y/faker_383_8_1_14.png
354,18,8,18_8_1/x/faker_384_8_1_15.jpg,18_8_1/y/faker_384_8_1_15.png
355,18,8,18_8_1/x/faker_387_8_1_16.jpg,18_8_1/y/faker_387_8_1_16.png
356,18,8,18_8_1/x/faker_388_8_1_17.jpg,18_8_1/y/faker_388_8_1_17.png
357,18,8,18_8_1/x/faker_391_8_1_18.jpg,18_8_1/y/faker_391_8_1_18.png
358,18,8,18_8_1/x/faker_392_8_1_19.jpg,18_8_1/y/faker_392_8_1_19.png
359,18,8,18_8_1/x/faker_393_8_1_20.jpg,18_8_1/y/faker_393_8_1_20.png
360,19,8,19_8_2/x/faker_394_8_2_1.jpg,19_8_2/y/faker_394_8_2_1.png
361,19,8,19_8_2/x/faker_396_8_2_2.jpg,19_8_2/y/faker_396_8_2_2.png
362,19,8,19_8_2/x/faker_397_8_2_3.jpg,19_8_2/y/faker_397_8_2_3.png
363,19,8,19_8_2/x/faker_399_8_2_4.jpg,19_8_2/y/faker_399_8_2_4.png
364,19,8,19_8_2/x/faker_400_8_2_5.jpg,19_8_2/y/faker_400_8_2_5.png
365,19,8,19_8_2/x/faker_401_8_2_6.jpg,19_8_2/y/faker_401_8_2_6.png
366,19,8,19_8_2/x/faker_402_8_2_7.jpg,19_8_2/y/faker_402_8_2_7.png
367,19,8,19_8_2/x/faker_404_8_2_8.jpg,19_8_2/y/faker_404_8_2_8.png
368,19,8,19_8_2/x/faker_405_8_2_9.jpg,19_8_2/y/faker_405_8_2_9.png
369,19,8,19_8_2/x/faker_406_8_2_10.jpg,19_8_2/y/faker_406_8_2_10.png
370,19,8,19_8_2/x/faker_407_8_2_11.jpg,19_8_2/y/faker_407_8_2_11.png
371,19,8,19_8_2/x/faker_408_8_2_12.jpg,19_8_2/y/faker_408_8_2_12.png
372,19,8,19_8_2/x/faker_409_8_2_13.jpg,19_8_2/y/faker_409_8_2_13.png
373,19,8,19_8_2/x/faker_410_8_2_14.jpg,19_8_2/y/faker_410_8_2_14.png
374,19,8,19_8_2/x/faker_412_8_2_15.jpg,19_8_2/y/faker_412_8_2_15.png
375,19,8,19_8_2/x/faker_413_8_2_16.jpg,19_8_2/y/faker_413_8_2_16.png
376,19,8,19_8_2/x/faker_414_8_2_17.jpg,19_8_2/y/faker_414_8_2_17.png
377,19,8,19_8_2/x/faker_415_8_2_18.jpg,19_8_2/y/faker_415_8_2_18.png
378,19,8,19_8_2/x/faker_416_8_2_19.jpg,19_8_2/y/faker_416_8_2_19.png
379,19,8,19_8_2/x/faker_417_8_2_20.jpg,19_8_2/y/faker_417_8_2_20.png
380,20,8,20_8_3/x/faker_418_8_3_1.jpg,20_8_3/y/faker_418_8_3_1.png
381,20,8,20_8_3/x/faker_419_8_3_2.jpg,20_8_3/y/faker_419_8_3_2.png
382,20,8,20_8_3/x/faker_420_8_3_3.jpg,20_8_3/y/faker_420_8_3_3.png
383,20,8,20_8_3/x/faker_421_8_3_4.jpg,20_8_3/y/faker_421_8_3_4.png
384,20,8,20_8_3/x/faker_422_8_3_5.jpg,20_8_3/y/faker_422_8_3_5.png
385,20,8,20_8_3/x/faker_423_8_3_6.jpg,20_8_3/y/faker_423_8_3_6.png
386,20,8,20_8_3/x/faker_424_8_3_7.jpg,20_8_3/y/faker_424_8_3_7.png
387,20,8,20_8_3/x/faker_425_8_3_8.jpg,20_8_3/y/faker_425_8_3_8.png
388,20,8,20_8_3/x/faker_426_8_3_9.jpg,20_8_3/y/faker_426_8_3_9.png
389,20,8,20_8_3/x/faker_427_8_3_10.jpg,20_8_3/y/faker_427_8_3_10.png
390,20,8,20_8_3/x/faker_428_8_3_11.jpg,20_8_3/y/faker_428_8_3_11.png
391,20,8,20_8_3/x/faker_429_8_3_12.jpg,20_8_3/y/faker_429_8_3_12.png
392,20,8,20_8_3/x/faker_430_8_3_13.jpg,20_8_3/y/faker_430_8_3_13.png
393,20,8,20_8_3/x/faker_431_8_3_14.jpg,20_8_3/y/faker_431_8_3_14.png
394,20,8,20_8_3/x/faker_432_8_3_15.jpg,20_8_3/y/faker_432_8_3_15.png
395,20,8,20_8_3/x/faker_433_8_3_16.jpg,20_8_3/y/faker_433_8_3_16.png
396,20,8,20_8_3/x/faker_434_8_3_17.jpg,20_8_3/y/faker_434_8_3_17.png
397,20,8,20_8_3/x/faker_435_8_3_18.jpg,20_8_3/y/faker_435_8_3_18.png
398,20,8,20_8_3/x/faker_436_8_3_19.jpg,20_8_3/y/faker_436_8_3_19.png
399,20,8,20_8_3/x/faker_437_8_3_20.jpg,20_8_3/y/faker_437_8_3_20.png
400,21,8,21_8_4/x/faker_438_8_4_1.jpg,21_8_4/y/faker_438_8_4_1.png
401,21,8,21_8_4/x/faker_439_8_4_2.jpg,21_8_4/y/faker_439_8_4_2.png
402,21,8,21_8_4/x/faker_440_8_4_3.jpg,21_8_4/y/faker_440_8_4_3.png
403,21,8,21_8_4/x/faker_441_8_4_4.jpg,21_8_4/y/faker_441_8_4_4.png
404,21,8,21_8_4/x/faker_442_8_4_5.jpg,21_8_4/y/faker_442_8_4_5.png
405,21,8,21_8_4/x/faker_443_8_4_6.jpg,21_8_4/y/faker_443_8_4_6.png
406,21,8,21_8_4/x/faker_444_8_4_7.jpg,21_8_4/y/faker_444_8_4_7.png
407,21,8,21_8_4/x/faker_445_8_4_8.jpg,21_8_4/y/faker_445_8_4_8.png
408,21,8,21_8_4/x/faker_446_8_4_9.jpg,21_8_4/y/faker_446_8_4_9.png
409,21,8,21_8_4/x/faker_447_8_4_10.jpg,21_8_4/y/faker_447_8_4_10.png
410,21,8,21_8_4/x/faker_448_8_4_11.jpg,21_8_4/y/faker_448_8_4_11.png
411,21,8,21_8_4/x/faker_449_8_4_12.jpg,21_8_4/y/faker_449_8_4_12.png
412,21,8,21_8_4/x/faker_450_8_4_13.jpg,21_8_4/y/faker_450_8_4_13.png
413,21,8,21_8_4/x/faker_451_8_4_14.jpg,21_8_4/y/faker_451_8_4_14.png
414,21,8,21_8_4/x/faker_452_8_4_15.jpg,21_8_4/y/faker_452_8_4_15.png
415,21,8,21_8_4/x/faker_453_8_4_16.jpg,21_8_4/y/faker_453_8_4_16.png
416,21,8,21_8_4/x/faker_454_8_4_17.jpg,21_8_4/y/faker_454_8_4_17.png
417,21,8,21_8_4/x/faker_456_8_4_18.jpg,21_8_4/y/faker_456_8_4_18.png
418,21,8,21_8_4/x/faker_457_8_4_19.jpg,21_8_4/y/faker_457_8_4_19.png
419,21,8,21_8_4/x/faker_458_8_4_20.jpg,21_8_4/y/faker_458_8_4_20.png
420,22,8,22_8_5/x/faker_459_8_5_1.jpg,22_8_5/y/faker_459_8_5_1.png
421,22,8,22_8_5/x/faker_460_8_5_2.jpg,22_8_5/y/faker_460_8_5_2.png
422,22,8,22_8_5/x/faker_461_8_5_3.jpg,22_8_5/y/faker_461_8_5_3.png
423,22,8,22_8_5/x/faker_462_8_5_4.jpg,22_8_5/y/faker_462_8_5_4.png
424,22,8,22_8_5/x/faker_463_8_5_5.jpg,22_8_5/y/faker_463_8_5_5.png
425,22,8,22_8_5/x/faker_464_8_5_6.jpg,22_8_5/y/faker_464_8_5_6.png
426,22,8,22_8_5/x/faker_466_8_5_7.jpg,22_8_5/y/faker_466_8_5_7.png
427,22,8,22_8_5/x/faker_467_8_5_8.jpg,22_8_5/y/faker_467_8_5_8.png
428,22,8,22_8_5/x/faker_468_8_5_9.jpg,22_8_5/y/faker_468_8_5_9.png
429,22,8,22_8_5/x/faker_469_8_5_10.jpg,22_8_5/y/faker_469_8_5_10.png
430,22,8,22_8_5/x/faker_470_8_5_11.jpg,22_8_5/y/faker_470_8_5_11.png
431,22,8,22_8_5/x/faker_471_8_5_12.jpg,22_8_5/y/faker_471_8_5_12.png
432,22,8,22_8_5/x/faker_472_8_5_13.jpg,22_8_5/y/faker_472_8_5_13.png
433,22,8,22_8_5/x/faker_473_8_5_14.jpg,22_8_5/y/faker_473_8_5_14.png
434,22,8,22_8_5/x/faker_474_8_5_15.jpg,22_8_5/y/faker_474_8_5_15.png
435,22,8,22_8_5/x/faker_475_8_5_16.jpg,22_8_5/y/faker_475_8_5_16.png
436,22,8,22_8_5/x/faker_476_8_5_17.jpg,22_8_5/y/faker_476_8_5_17.png
437,22,8,22_8_5/x/faker_477_8_5_18.jpg,22_8_5/y/faker_477_8_5_18.png
438,22,8,22_8_5/x/faker_478_8_5_19.jpg,22_8_5/y/faker_478_8_5_19.png
439,22,8,22_8_5/x/faker_479_8_5_20.jpg,22_8_5/y/faker_479_8_5_20.png
440,23,8,23_8_6/x/faker_480_8_6_1.jpg,23_8_6/y/faker_480_8_6_1.png
441,23,8,23_8_6/x/faker_481_8_6_2.jpg,23_8_6/y/faker_481_8_6_2.png
442,23,8,23_8_6/x/faker_482_8_6_3.jpg,23_8_6/y/faker_482_8_6_3.png
443,23,8,23_8_6/x/faker_483_8_6_4.jpg,23_8_6/y/faker_483_8_6_4.png
444,23,8,23_8_6/x/faker_484_8_6_5.jpg,23_8_6/y/faker_484_8_6_5.png
445,23,8,23_8_6/x/faker_485_8_6_6.jpg,23_8_6/y/faker_485_8_6_6.png
446,23,8,23_8_6/x/faker_486_8_6_7.jpg,23_8_6/y/faker_486_8_6_7.png
447,23,8,23_8_6/x/faker_487_8_6_8.jpg,23_8_6/y/faker_487_8_6_8.png
448,23,8,23_8_6/x/faker_488_8_6_9.jpg,23_8_6/y/faker_488_8_6_9.png
449,23,8,23_8_6/x/faker_489_8_6_10.jpg,23_8_6/y/faker_489_8_6_10.png
450,23,8,23_8_6/x/faker_490_8_6_11.jpg,23_8_6/y/faker_490_8_6_11.png
451,23,8,23_8_6/x/faker_491_8_6_12.jpg,23_8_6/y/faker_491_8_6_12.png
452,23,8,23_8_6/x/faker_492_8_6_13.jpg,23_8_6/y/faker_492_8_6_13.png
453,23,8,23_8_6/x/faker_493_8_6_14.jpg,23_8_6/y/faker_493_8_6_14.png
454,23,8,23_8_6/x/faker_494_8_6_15.jpg,23_8_6/y/faker_494_8_6_15.png
455,23,8,23_8_6/x/faker_495_8_6_16.jpg,23_8_6/y/faker_495_8_6_16.png
456,23,8,23_8_6/x/faker_496_8_6_17.jpg,23_8_6/y/faker_496_8_6_17.png
457,23,8,23_8_6/x/faker_497_8_6_18.jpg,23_8_6/y/faker_497_8_6_18.png
458,23,8,23_8_6/x/faker_498_8_6_19.jpg,23_8_6/y/faker_498_8_6_19.png
459,23,8,23_8_6/x/faker_499_8_6_20.jpg,23_8_6/y/faker_499_8_6_20.png
460,24,9,24_9_1/x/faker_500_9_1_1.jpg,24_9_1/y/faker_500_9_1_1.png
461,24,9,24_9_1/x/faker_501_9_1_2.jpg,24_9_1/y/faker_501_9_1_2.png
462,24,9,24_9_1/x/faker_502_9_1_3.jpg,24_9_1/y/faker_502_9_1_3.png
463,24,9,24_9_1/x/faker_504_9_1_4.jpg,24_9_1/y/faker_504_9_1_4.png
464,24,9,24_9_1/x/faker_505_9_1_5.jpg,24_9_1/y/faker_505_9_1_5.png
465,24,9,24_9_1/x/faker_506_9_1_6.jpg,24_9_1/y/faker_506_9_1_6.png
466,24,9,24_9_1/x/faker_507_9_1_7.jpg,24_9_1/y/faker_507_9_1_7.png
467,24,9,24_9_1/x/faker_508_9_1_8.jpg,24_9_1/y/faker_508_9_1_8.png
468,24,9,24_9_1/x/faker_509_9_1_9.jpg,24_9_1/y/faker_509_9_1_9.png
469,24,9,24_9_1/x/faker_510_9_1_10.jpg,24_9_1/y/faker_510_9_1_10.png
470,24,9,24_9_1/x/faker_511_9_1_11.jpg,24_9_1/y/faker_511_9_1_11.png
471,24,9,24_9_1/x/faker_512_9_1_12.jpg,24_9_1/y/faker_512_9_1_12.png
472,24,9,24_9_1/x/faker_513_9_1_13.jpg,24_9_1/y/faker_513_9_1_13.png
473,24,9,24_9_1/x/faker_514_9_1_14.jpg,24_9_1/y/faker_514_9_1_14.png
474,24,9,24_9_1/x/faker_515_9_1_15.jpg,24_9_1/y/faker_515_9_1_15.png
475,24,9,24_9_1/x/faker_516_9_1_16.jpg,24_9_1/y/faker_516_9_1_16.png
476,24,9,24_9_1/x/faker_517_9_1_17.jpg,24_9_1/y/faker_517_9_1_17.png
477,24,9,24_9_1/x/faker_518_9_1_18.jpg,24_9_1/y/faker_518_9_1_18.png
478,24,9,24_9_1/x/faker_519_9_1_19.jpg,24_9_1/y/faker_519_9_1_19.png
479,24,9,24_9_1/x/faker_520_9_1_20.jpg,24_9_1/y/faker_520_9_1_20.png
540,28,12,28_12_1/x/faker_582_12_1_1.jpg,28_12_1/y/faker_582_12_1_1.png
541,28,12,28_12_1/x/faker_583_12_1_2.jpg,28_12_1/y/faker_583_12_1_2.png
542,28,12,28_12_1/x/faker_584_12_1_3.jpg,28_12_1/y/faker_584_12_1_3.png
543,28,12,28_12_1/x/faker_585_12_1_4.jpg,28_12_1/y/faker_585_12_1_4.png
544,28,12,28_12_1/x/faker_586_12_1_5.jpg,28_12_1/y/faker_586_12_1_5.png
545,28,12,28_12_1/x/faker_587_12_1_6.jpg,28_12_1/y/faker_587_12_1_6.png
546,28,12,28_12_1/x/faker_588_12_1_7.jpg,28_12_1/y/faker_588_12_1_7.png
547,28,12,28_12_1/x/faker_589_12_1_8.jpg,28_12_1/y/faker_589_12_1_8.png
548,28,12,28_12_1/x/faker_590_12_1_9.jpg,28_12_1/y/faker_590_12_1_9.png
549,28,12,28_12_1/x/faker_591_12_1_10.jpg,28_12_1/y/faker_591_12_1_10.png
550,28,12,28_12_1/x/faker_592_12_1_11.jpg,28_12_1/y/faker_592_12_1_11.png
551,28,12,28_12_1/x/faker_593_12_1_12.jpg,28_12_1/y/faker_593_12_1_12.png
552,28,12,28_12_1/x/faker_594_12_1_13.jpg,28_12_1/y/faker_594_12_1_13.png
553,28,12,28_12_1/x/faker_595_12_1_14.jpg,28_12_1/y/faker_595_12_1_14.png
554,28,12,28_12_1/x/faker_598_12_1_15.jpg,28_12_1/y/faker_598_12_1_15.png
555,28,12,28_12_1/x/faker_599_12_1_16.jpg,28_12_1/y/faker_599_12_1_16.png
556,28,12,28_12_1/x/faker_600_12_1_17.jpg,28_12_1/y/faker_600_12_1_17.png
557,28,12,28_12_1/x/faker_601_12_1_18.jpg,28_12_1/y/faker_601_12_1_18.png
558,28,12,28_12_1/x/faker_602_12_1_19.jpg,28_12_1/y/faker_602_12_1_19.png
559,28,12,28_12_1/x/faker_603_12_1_20.jpg,28_12_1/y/faker_603_12_1_20.png
560,29,13,29_13_1/x/faker_604_13_1_1.jpg,29_13_1/y/faker_604_13_1_1.png
561,29,13,29_13_1/x/faker_605_13_1_2.jpg,29_13_1/y/faker_605_13_1_2.png
562,29,13,29_13_1/x/faker_606_13_1_3.jpg,29_13_1/y/faker_606_13_1_3.png
563,29,13,29_13_1/x/faker_607_13_1_4.jpg,29_13_1/y/faker_607_13_1_4.png
564,29,13,29_13_1/x/faker_608_13_1_5.jpg,29_13_1/y/faker_608_13_1_5.png
565,29,13,29_13_1/x/faker_609_13_1_6.jpg,29_13_1/y/faker_609_13_1_6.png
566,29,13,29_13_1/x/faker_610_13_1_7.jpg,29_13_1/y/faker_610_13_1_7.png
567,29,13,29_13_1/x/faker_611_13_1_8.jpg,29_13_1/y/faker_611_13_1_8.png
568,29,13,29_13_1/x/faker_612_13_1_9.jpg,29_13_1/y/faker_612_13_1_9.png
569,29,13,29_13_1/x/faker_613_13_1_10.jpg,29_13_1/y/faker_613_13_1_10.png
570,29,13,29_13_1/x/faker_614_13_1_11.jpg,29_13_1/y/faker_614_13_1_11.png
571,29,13,29_13_1/x/faker_615_13_1_12.jpg,29_13_1/y/faker_615_13_1_12.png
572,29,13,29_13_1/x/faker_616_13_1_13.jpg,29_13_1/y/faker_616_13_1_13.png
573,29,13,29_13_1/x/faker_617_13_1_14.jpg,29_13_1/y/faker_617_13_1_14.png
574,29,13,29_13_1/x/faker_618_13_1_15.jpg,29_13_1/y/faker_618_13_1_15.png
575,29,13,29_13_1/x/faker_619_13_1_16.jpg,29_13_1/y/faker_619_13_1_16.png
576,29,13,29_13_1/x/faker_620_13_1_17.jpg,29_13_1/y/faker_620_13_1_17.png
577,29,13,29_13_1/x/faker_621_13_1_18.jpg,29_13_1/y/faker_621_13_1_18.png
578,29,13,29_13_1/x/faker_622_13_1_19.jpg,29_13_1/y/faker_622_13_1_19.png
579,29,13,29_13_1/x/faker_623_13_1_20.jpg,29_13_1/y/faker_623_13_1_20.png
600,31,15,31_15_1/x/faker_648_15_1_1.jpg,31_15_1/y/faker_648_15_1_1.png
601,31,15,31_15_1/x/faker_649_15_1_2.jpg,31_15_1/y/faker_649_15_1_2.png
602,31,15,31_15_1/x/faker_650_15_1_3.jpg,31_15_1/y/faker_650_15_1_3.png
603,31,15,31_15_1/x/faker_651_15_1_4.jpg,31_15_1/y/faker_651_15_1_4.png
604,31,15,31_15_1/x/faker_652_15_1_5.jpg,31_15_1/y/faker_652_15_1_5.png
605,31,15,31_15_1/x/faker_653_15_1_6.jpg,31_15_1/y/faker_653_15_1_6.png
606,31,15,31_15_1/x/faker_654_15_1_7.jpg,31_15_1/y/faker_654_15_1_7.png
607,31,15,31_15_1/x/faker_656_15_1_8.jpg,31_15_1/y/faker_656_15_1_8.png
608,31,15,31_15_1/x/faker_657_15_1_9.jpg,31_15_1/y/faker_657_15_1_9.png
609,31,15,31_15_1/x/faker_658_15_1_10.jpg,31_15_1/y/faker_658_15_1_10.png
610,31,15,31_15_1/x/faker_659_15_1_11.jpg,31_15_1/y/faker_659_15_1_11.png
611,31,15,31_15_1/x/faker_660_15_1_12.jpg,31_15_1/y/faker_660_15_1_12.png
612,31,15,31_15_1/x/faker_661_15_1_13.jpg,31_15_1/y/faker_661_15_1_13.png
613,31,15,31_15_1/x/faker_662_15_1_14.jpg,31_15_1/y/faker_662_15_1_14.png
614,31,15,31_15_1/x/faker_663_15_1_15.jpg,31_15_1/y/faker_663_15_1_15.png
615,31,15,31_15_1/x/faker_664_15_1_16.jpg,31_15_1/y/faker_664_15_1_16.png
616,31,15,31_15_1/x/faker_665_15_1_17.jpg,31_15_1/y/faker_665_15_1_17.png
617,31,15,31_15_1/x/faker_666_15_1_18.jpg,31_15_1/y/faker_666_15_1_18.png
618,31,15,31_15_1/x/faker_667_15_1_19.jpg,31_15_1/y/faker_667_15_1_19.png
619,31,15,31_15_1/x/faker_668_15_1_20.jpg,31_15_1/y/faker_668_15_1_20.png
620,32,16,32_16_1/x/faker_669_16_1_1.jpg,32_16_1/y/faker_669_16_1_1.png
621,32,16,32_16_1/x/faker_670_16_1_2.jpg,32_16_1/y/faker_670_16_1_2.png
622,32,16,32_16_1/x/faker_671_16_1_3.jpg,32_16_1/y/faker_671_16_1_3.png
623,32,16,32_16_1/x/faker_672_16_1_4.jpg,32_16_1/y/faker_672_16_1_4.png
624,32,16,32_16_1/x/faker_673_16_1_5.jpg,32_16_1/y/faker_673_16_1_5.png
625,32,16,32_16_1/x/faker_674_16_1_6.jpg,32_16_1/y/faker_674_16_1_6.png
626,32,16,32_16_1/x/faker_675_16_1_7.jpg,32_16_1/y/faker_675_16_1_7.png
627,32,16,32_16_1/x/faker_676_16_1_8.jpg,32_16_1/y/faker_676_16_1_8.png
628,32,16,32_16_1/x/faker_677_16_1_9.jpg,32_16_1/y/faker_677_16_1_9.png
629,32,16,32_16_1/x/faker_678_16_1_10.jpg,32_16_1/y/faker_678_16_1_10.png
630,32,16,32_16_1/x/faker_679_16_1_11.jpg,32_16_1/y/faker_679_16_1_11.png
631,32,16,32_16_1/x/faker_680_16_1_12.jpg,32_16_1/y/faker_680_16_1_12.png
632,32,16,32_16_1/x/faker_682_16_1_13.jpg,32_16_1/y/faker_682_16_1_13.png
633,32,16,32_16_1/x/faker_683_16_1_14.jpg,32_16_1/y/faker_683_16_1_14.png
634,32,16,32_16_1/x/faker_684_16_1_15.jpg,32_16_1/y/faker_684_16_1_15.png
635,32,16,32_16_1/x/faker_685_16_1_16.jpg,32_16_1/y/faker_685_16_1_16.png
636,32,16,32_16_1/x/faker_686_16_1_17.jpg,32_16_1/y/faker_686_16_1_17.png
637,32,16,32_16_1/x/faker_687_16_1_18.jpg,32_16_1/y/faker_687_16_1_18.png
638,32,16,32_16_1/x/faker_688_16_1_19.jpg,32_16_1/y/faker_688_16_1_19.png
639,32,16,32_16_1/x/faker_689_16_1_20.jpg,32_16_1/y/faker_689_16_1_20.png
640,33,16,33_16_2/x/faker_690_16_2_1.jpg,33_16_2/y/faker_690_16_2_1.png
641,33,16,33_16_2/x/faker_691_16_2_2.jpg,33_16_2/y/faker_691_16_2_2.png
642,33,16,33_16_2/x/faker_692_16_2_3.jpg,33_16_2/y/faker_692_16_2_3.png
643,33,16,33_16_2/x/faker_693_16_2_4.jpg,33_16_2/y/faker_693_16_2_4.png
644,33,16,33_16_2/x/faker_694_16_2_5.jpg,33_16_2/y/faker_694_16_2_5.png
645,33,16,33_16_2/x/faker_695_16_2_6.jpg,33_16_2/y/faker_695_16_2_6.png
646,33,16,33_16_2/x/faker_696_16_2_7.jpg,33_16_2/y/faker_696_16_2_7.png
647,33,16,33_16_2/x/faker_697_16_2_8.jpg,33_16_2/y/faker_697_16_2_8.png
648,33,16,33_16_2/x/faker_698_16_2_9.jpg,33_16_2/y/faker_698_16_2_9.png
649,33,16,33_16_2/x/faker_699_16_2_10.jpg,33_16_2/y/faker_699_16_2_10.png
650,33,16,33_16_2/x/faker_700_16_2_11.jpg,33_16_2/y/faker_700_16_2_11.png
651,33,16,33_16_2/x/faker_701_16_2_12.jpg,33_16_2/y/faker_701_16_2_12.png
652,33,16,33_16_2/x/faker_702_16_2_13.jpg,33_16_2/y/faker_702_16_2_13.png
653,33,16,33_16_2/x/faker_703_16_2_14.jpg,33_16_2/y/faker_703_16_2_14.png
654,33,16,33_16_2/x/faker_704_16_2_15.jpg,33_16_2/y/faker_704_16_2_15.png
655,33,16,33_16_2/x/faker_705_16_2_16.jpg,33_16_2/y/faker_705_16_2_16.png
656,33,16,33_16_2/x/faker_706_16_2_17.jpg,33_16_2/y/faker_706_16_2_17.png
657,33,16,33_16_2/x/faker_707_16_2_18.jpg,33_16_2/y/faker_707_16_2_18.png
658,33,16,33_16_2/x/faker_708_16_2_19.jpg,33_16_2/y/faker_708_16_2_19.png
659,33,16,33_16_2/x/faker_709_16_2_20.jpg,33_16_2/y/faker_709_16_2_20.png
700,36,18,36_18_1/x/faker_756_18_1_1.jpg,36_18_1/y/faker_756_18_1_1.png
701,36,18,36_18_1/x/faker_757_18_1_2.jpg,36_18_1/y/faker_757_18_1_2.png
702,36,18,36_18_1/x/faker_758_18_1_3.jpg,36_18_1/y/faker_758_18_1_3.png
703,36,18,36_18_1/x/faker_763_18_1_4.jpg,36_18_1/y/faker_763_18_1_4.png
704,36,18,36_18_1/x/faker_764_18_1_5.jpg,36_18_1/y/faker_764_18_1_5.png
705,36,18,36_18_1/x/faker_766_18_1_6.jpg,36_18_1/y/faker_766_18_1_6.png
706,36,18,36_18_1/x/faker_768_18_1_7.jpg,36_18_1/y/faker_768_18_1_7.png
707,36,18,36_18_1/x/faker_770_18_1_8.jpg,36_18_1/y/faker_770_18_1_8.png
708,36,18,36_18_1/x/faker_771_18_1_9.jpg,36_18_1/y/faker_771_18_1_9.png
709,36,18,36_18_1/x/faker_772_18_1_10.jpg,36_18_1/y/faker_772_18_1_10.png
710,36,18,36_18_1/x/faker_773_18_1_11.jpg,36_18_1/y/faker_773_18_1_11.png
711,36,18,36_18_1/x/faker_774_18_1_12.jpg,36_18_1/y/faker_774_18_1_12.png
712,36,18,36_18_1/x/faker_775_18_1_13.jpg,36_18_1/y/faker_775_18_1_13.png
713,36,18,36_18_1/x/faker_777_18_1_14.jpg,36_18_1/y/faker_777_18_1_14.png
714,36,18,36_18_1/x/faker_778_18_1_15.jpg,36_18_1/y/faker_778_18_1_15.png
715,36,18,36_18_1/x/faker_779_18_1_16.jpg,36_18_1/y/faker_779_18_1_16.png
716,36,18,36_18_1/x/faker_780_18_1_17.jpg,36_18_1/y/faker_780_18_1_17.png
717,36,18,36_18_1/x/faker_783_18_1_18.jpg,36_18_1/y/faker_783_18_1_18.png
718,36,18,36_18_1/x/faker_784_18_1_19.jpg,36_18_1/y/faker_784_18_1_19.png
719,36,18,36_18_1/x/faker_787_18_1_20.jpg,36_18_1/y/faker_787_18_1_20.png
720,37,18,37_18_2/x/faker_789_18_2_1.jpg,37_18_2/y/faker_789_18_2_1.png
721,37,18,37_18_2/x/faker_790_18_2_2.jpg,37_18_2/y/faker_790_18_2_2.png
722,37,18,37_18_2/x/faker_791_18_2_3.jpg,37_18_2/y/faker_791_18_2_3.png
723,37,18,37_18_2/x/faker_793_18_2_4.jpg,37_18_2/y/faker_793_18_2_4.png
724,37,18,37_18_2/x/faker_795_18_2_5.jpg,37_18_2/y/faker_795_18_2_5.png
725,37,18,37_18_2/x/faker_797_18_2_6.jpg,37_18_2/y/faker_797_18_2_6.png
726,37,18,37_18_2/x/faker_799_18_2_7.jpg,37_18_2/y/faker_799_18_2_7.png
727,37,18,37_18_2/x/faker_800_18_2_8.jpg,37_18_2/y/faker_800_18_2_8.png
728,37,18,37_18_2/x/faker_803_18_2_9.jpg,37_18_2/y/faker_803_18_2_9.png
729,37,18,37_18_2/x/faker_804_18_2_10.jpg,37_18_2/y/faker_804_18_2_10.png
730,37,18,37_18_2/x/faker_805_18_2_11.jpg,37_18_2/y/faker_805_18_2_11.png
731,37,18,37_18_2/x/faker_806_18_2_12.jpg,37_18_2/y/faker_806_18_2_12.png
732,37,18,37_18_2/x/faker_807_18_2_13.jpg,37_18_2/y/faker_807_18_2_13.png
733,37,18,37_18_2/x/faker_808_18_2_14.jpg,37_18_2/y/faker_808_18_2_14.png
734,37,18,37_18_2/x/faker_813_18_2_15.jpg,37_18_2/y/faker_813_18_2_15.png
735,37,18,37_18_2/x/faker_816_18_2_16.jpg,37_18_2/y/faker_816_18_2_16.png
736,37,18,37_18_2/x/faker_817_18_2_17.jpg,37_18_2/y/faker_817_18_2_17.png
737,37,18,37_18_2/x/faker_818_18_2_18.jpg,37_18_2/y/faker_818_18_2_18.png
738,37,18,37_18_2/x/faker_819_18_2_19.jpg,37_18_2/y/faker_819_18_2_19.png
739,37,18,37_18_2/x/faker_820_18_2_20.jpg,37_18_2/y/faker_820_18_2_20.png
740,38,19,38_19_1/x/faker_821_19_1_1.jpg,38_19_1/y/faker_821_19_1_1.png
741,38,19,38_19_1/x/faker_822_19_1_2.jpg,38_19_1/y/faker_822_19_1_2.png
742,38,19,38_19_1/x/faker_823_19_1_3.jpg,38_19_1/y/faker_823_19_1_3.png
743,38,19,38_19_1/x/faker_824_19_1_4.jpg,38_19_1/y/faker_824_19_1_4.png
744,38,19,38_19_1/x/faker_825_19_1_5.jpg,38_19_1/y/faker_825_19_1_5.png
745,38,19,38_19_1/x/faker_826_19_1_6.jpg,38_19_1/y/faker_826_19_1_6.png
746,38,19,38_19_1/x/faker_827_19_1_7.jpg,38_19_1/y/faker_827_19_1_7.png
747,38,19,38_19_1/x/faker_828_19_1_8.jpg,38_19_1/y/faker_828_19_1_8.png
748,38,19,38_19_1/x/faker_829_19_1_9.jpg,38_19_1/y/faker_829_19_1_9.png
749,38,19,38_19_1/x/faker_832_19_1_10.jpg,38_19_1/y/faker_832_19_1_10.png
750,38,19,38_19_1/x/faker_833_19_1_11.jpg,38_19_1/y/faker_833_19_1_11.png
751,38,19,38_19_1/x/faker_834_19_1_12.jpg,38_19_1/y/faker_834_19_1_12.png
752,38,19,38_19_1/x/faker_835_19_1_13.jpg,38_19_1/y/faker_835_19_1_13.png
753,38,19,38_19_1/x/faker_836_19_1_14.jpg,38_19_1/y/faker_836_19_1_14.png
754,38,19,38_19_1/x/faker_837_19_1_15.jpg,38_19_1/y/faker_837_19_1_15.png
755,38,19,38_19_1/x/faker_838_19_1_16.jpg,38_19_1/y/faker_838_19_1_16.png
756,38,19,38_19_1/x/faker_839_19_1_17.jpg,38_19_1/y/faker_839_19_1_17.png
757,38,19,38_19_1/x/faker_840_19_1_18.jpg,38_19_1/y/faker_840_19_1_18.png
758,38,19,38_19_1/x/faker_841_19_1_19.jpg,38_19_1/y/faker_841_19_1_19.png
759,38,19,38_19_1/x/faker_845_19_1_20.jpg,38_19_1/y/faker_845_19_1_20.png
820,42,22,42_22_1/x/faker_911_22_1_1.jpg,42_22_1/y/faker_911_22_1_1.png
821,42,22,42_22_1/x/faker_912_22_1_2.jpg,42_22_1/y/faker_912_22_1_2.png
822,42,22,42_22_1/x/faker_913_22_1_3.jpg,42_22_1/y/faker_913_22_1_3.png
823,42,22,42_22_1/x/faker_914_22_1_4.jpg,42_22_1/y/faker_914_22_1_4.png
824,42,22,42_22_1/x/faker_915_22_1_5.jpg,42_22_1/y/faker_915_22_1_5.png
825,42,22,42_22_1/x/faker_916_22_1_6.jpg,42_22_1/y/faker_916_22_1_6.png
826,42,22,42_22_1/x/faker_917_22_1_7.jpg,42_22_1/y/faker_917_22_1_7.png
827,42,22,42_22_1/x/faker_918_22_1_8.jpg,42_22_1/y/faker_918_22_1_8.png
828,42,22,42_22_1/x/faker_919_22_1_9.jpg,42_22_1/y/faker_919_22_1_9.png
829,42,22,42_22_1/x/faker_920_22_1_10.jpg,42_22_1/y/faker_920_22_1_10.png
830,42,22,42_22_1/x/faker_921_22_1_11.jpg,42_22_1/y/faker_921_22_1_11.png
831,42,22,42_22_1/x/faker_922_22_1_12.jpg,42_22_1/y/faker_922_22_1_12.png
832,42,22,42_22_1/x/faker_923_22_1_13.jpg,42_22_1/y/faker_923_22_1_13.png
833,42,22,42_22_1/x/faker_924_22_1_14.jpg,42_22_1/y/faker_924_22_1_14.png
834,42,22,42_22_1/x/faker_925_22_1_15.jpg,42_22_1/y/faker_925_22_1_15.png
835,42,22,42_22_1/x/faker_926_22_1_16.jpg,42_22_1/y/faker_926_22_1_16.png
836,42,22,42_22_1/x/faker_927_22_1_17.jpg,42_22_1/y/faker_927_22_1_17.png
837,42,22,42_22_1/x/faker_928_22_1_18.jpg,42_22_1/y/faker_928_22_1_18.png
838,42,22,42_22_1/x/faker_929_22_1_19.jpg,42_22_1/y/faker_929_22_1_19.png
839,42,22,42_22_1/x/faker_930_22_1_20.jpg,42_22_1/y/faker_930_22_1_20.png
840,43,23,43_23_1/x/faker_931_23_1_1.jpg,43_23_1/y/faker_931_23_1_1.png
841,43,23,43_23_1/x/faker_932_23_1_2.jpg,43_23_1/y/faker_932_23_1_2.png
842,43,23,43_23_1/x/faker_934_23_1_3.jpg,43_23_1/y/faker_934_23_1_3.png
843,43,23,43_23_1/x/faker_935_23_1_4.jpg,43_23_1/y/faker_935_23_1_4.png
844,43,23,43_23_1/x/faker_936_23_1_5.jpg,43_23_1/y/faker_936_23_1_5.png
845,43,23,43_23_1/x/faker_938_23_1_6.jpg,43_23_1/y/faker_938_23_1_6.png
846,43,23,43_23_1/x/faker_939_23_1_7.jpg,43_23_1/y/faker_939_23_1_7.png
847,43,23,43_23_1/x/faker_940_23_1_8.jpg,43_23_1/y/faker_940_23_1_8.png
848,43,23,43_23_1/x/faker_941_23_1_9.jpg,43_23_1/y/faker_941_23_1_9.png
849,43,23,43_23_1/x/faker_942_23_1_10.jpg,43_23_1/y/faker_942_23_1_10.png
850,43,23,43_23_1/x/faker_943_23_1_11.jpg,43_23_1/y/faker_943_23_1_11.png
851,43,23,43_23_1/x/faker_944_23_1_12.jpg,43_23_1/y/faker_944_23_1_12.png
852,43,23,43_23_1/x/faker_945_23_1_13.jpg,43_23_1/y/faker_945_23_1_13.png
853,43,23,43_23_1/x/faker_946_23_1_14.jpg,43_23_1/y/faker_946_23_1_14.png
854,43,23,43_23_1/x/faker_947_23_1_15.jpg,43_23_1/y/faker_947_23_1_15.png
855,43,23,43_23_1/x/faker_948_23_1_16.jpg,43_23_1/y/faker_948_23_1_16.png
856,43,23,43_23_1/x/faker_949_23_1_17.jpg,43_23_1/y/faker_949_23_1_17.png
857,43,23,43_23_1/x/faker_951_23_1_18.jpg,43_23_1/y/faker_951_23_1_18.png
858,43,23,43_23_1/x/faker_952_23_1_19.jpg,43_23_1/y/faker_952_23_1_19.png
859,43,23,43_23_1/x/faker_953_23_1_20.jpg,43_23_1/y/faker_953_23_1_20.png
860,44,23,44_23_2/x/faker_954_23_2_1.jpg,44_23_2/y/faker_954_23_2_1.png
861,44,23,44_23_2/x/faker_955_23_2_2.jpg,44_23_2/y/faker_955_23_2_2.png
862,44,23,44_23_2/x/faker_956_23_2_3.jpg,44_23_2/y/faker_956_23_2_3.png
863,44,23,44_23_2/x/faker_957_23_2_4.jpg,44_23_2/y/faker_957_23_2_4.png
864,44,23,44_23_2/x/faker_958_23_2_5.jpg,44_23_2/y/faker_958_23_2_5.png
865,44,23,44_23_2/x/faker_959_23_2_6.jpg,44_23_2/y/faker_959_23_2_6.png
866,44,23,44_23_2/x/faker_960_23_2_7.jpg,44_23_2/y/faker_960_23_2_7.png
867,44,23,44_23_2/x/faker_961_23_2_8.jpg,44_23_2/y/faker_961_23_2_8.png
868,44,23,44_23_2/x/faker_962_23_2_9.jpg,44_23_2/y/faker_962_23_2_9.png
869,44,23,44_23_2/x/faker_963_23_2_10.jpg,44_23_2/y/faker_963_23_2_10.png
870,44,23,44_23_2/x/faker_964_23_2_11.jpg,44_23_2/y/faker_964_23_2_11.png
871,44,23,44_23_2/x/faker_965_23_2_12.jpg,44_23_2/y/faker_965_23_2_12.png
872,44,23,44_23_2/x/faker_966_23_2_13.jpg,44_23_2/y/faker_966_23_2_13.png
873,44,23,44_23_2/x/faker_967_23_2_14.jpg,44_23_2/y/faker_967_23_2_14.png
874,44,23,44_23_2/x/faker_968_23_2_15.jpg,44_23_2/y/faker_968_23_2_15.png
875,44,23,44_23_2/x/faker_969_23_2_16.jpg,44_23_2/y/faker_969_23_2_16.png
876,44,23,44_23_2/x/faker_971_23_2_17.jpg,44_23_2/y/faker_971_23_2_17.png
877,44,23,44_23_2/x/faker_972_23_2_18.jpg,44_23_2/y/faker_972_23_2_18.png
878,44,23,44_23_2/x/faker_973_23_2_19.jpg,44_23_2/y/faker_973_23_2_19.png
879,44,23,44_23_2/x/faker_974_23_2_20.jpg,44_23_2/y/faker_974_23_2_20.png
920,47,25,47_25_1/x/faker_1016_25_1_1.jpg,47_25_1/y/faker_1016_25_1_1.png
921,47,25,47_25_1/x/faker_1017_25_1_2.jpg,47_25_1/y/faker_1017_25_1_2.png
922,47,25,47_25_1/x/faker_1018_25_1_3.jpg,47_25_1/y/faker_1018_25_1_3.png
923,47,25,47_25_1/x/faker_1019_25_1_4.jpg,47_25_1/y/faker_1019_25_1_4.png
924,47,25,47_25_1/x/faker_1020_25_1_5.jpg,47_25_1/y/faker_1020_25_1_5.png
925,47,25,47_25_1/x/faker_1021_25_1_6.jpg,47_25_1/y/faker_1021_25_1_6.png
926,47,25,47_25_1/x/faker_1022_25_1_7.jpg,47_25_1/y/faker_1022_25_1_7.png
927,47,25,47_25_1/x/faker_1023_25_1_8.jpg,47_25_1/y/faker_1023_25_1_8.png
928,47,25,47_25_1/x/faker_1024_25_1_9.jpg,47_25_1/y/faker_1024_25_1_9.png
929,47,25,47_25_1/x/faker_1025_25_1_10.jpg,47_25_1/y/faker_1025_25_1_10.png
930,47,25,47_25_1/x/faker_1026_25_1_11.jpg,47_25_1/y/faker_1026_25_1_11.png
931,47,25,47_25_1/x/faker_1027_25_1_12.jpg,47_25_1/y/faker_1027_25_1_12.png
932,47,25,47_25_1/x/faker_1028_25_1_13.jpg,47_25_1/y/faker_1028_25_1_13.png
933,47,25,47_25_1/x/faker_1029_25_1_14.jpg,47_25_1/y/faker_1029_25_1_14.png
934,47,25,47_25_1/x/faker_1030_25_1_15.jpg,47_25_1/y/faker_1030_25_1_15.png
935,47,25,47_25_1/x/faker_1031_25_1_16.jpg,47_25_1/y/faker_1031_25_1_16.png
936,47,25,47_25_1/x/faker_1032_25_1_17.jpg,47_25_1/y/faker_1032_25_1_17.png
937,47,25,47_25_1/x/faker_1034_25_1_18.jpg,47_25_1/y/faker_1034_25_1_18.png
938,47,25,47_25_1/x/faker_1035_25_1_19.jpg,47_25_1/y/faker_1035_25_1_19.png
939,47,25,47_25_1/x/faker_1036_25_1_20.jpg,47_25_1/y/faker_1036_25_1_20.png
940,48,25,48_25_2/x/faker_1037_25_2_1.jpg,48_25_2/y/faker_1037_25_2_1.png
941,48,25,48_25_2/x/faker_1038_25_2_2.jpg,48_25_2/y/faker_1038_25_2_2.png
942,48,25,48_25_2/x/faker_1039_25_2_3.jpg,48_25_2/y/faker_1039_25_2_3.png
943,48,25,48_25_2/x/faker_1040_25_2_4.jpg,48_25_2/y/faker_1040_25_2_4.png
944,48,25,48_25_2/x/faker_1041_25_2_5.jpg,48_25_2/y/faker_1041_25_2_5.png
945,48,25,48_25_2/x/faker_1042_25_2_6.jpg,48_25_2/y/faker_1042_25_2_6.png
946,48,25,48_25_2/x/faker_1043_25_2_7.jpg,48_25_2/y/faker_1043_25_2_7.png
947,48,25,48_25_2/x/faker_1044_25_2_8.jpg,48_25_2/y/faker_1044_25_2_8.png
948,48,25,48_25_2/x/faker_1046_25_2_9.jpg,48_25_2/y/faker_1046_25_2_9.png
949,48,25,48_25_2/x/faker_1047_25_2_10.jpg,48_25_2/y/faker_1047_25_2_10.png
950,48,25,48_25_2/x/faker_1048_25_2_11.jpg,48_25_2/y/faker_1048_25_2_11.png
951,48,25,48_25_2/x/faker_1049_25_2_12.jpg,48_25_2/y/faker_1049_25_2_12.png
952,48,25,48_25_2/x/faker_1050_25_2_13.jpg,48_25_2/y/faker_1050_25_2_13.png
953,48,25,48_25_2/x/faker_1052_25_2_14.jpg,48_25_2/y/faker_1052_25_2_14.png
954,48,25,48_25_2/x/faker_1053_25_2_15.jpg,48_25_2/y/faker_1053_25_2_15.png
955,48,25,48_25_2/x/faker_1054_25_2_16.jpg,48_25_2/y/faker_1054_25_2_16.png
956,48,25,48_25_2/x/faker_1055_25_2_17.jpg,48_25_2/y/faker_1055_25_2_17.png
957,48,25,48_25_2/x/faker_1056_25_2_18.jpg,48_25_2/y/faker_1056_25_2_18.png
958,48,25,48_25_2/x/faker_1057_25_2_19.jpg,48_25_2/y/faker_1057_25_2_19.png
959,48,25,48_25_2/x/faker_1058_25_2_20.jpg,48_25_2/y/faker_1058_25_2_20.png
1020,52,27,52_27_1/x/faker_1119_27_1_1.jpg,52_27_1/y/faker_1119_27_1_1.png
1021,52,27,52_27_1/x/faker_1120_27_1_2.jpg,52_27_1/y/faker_1120_27_1_2.png
1022,52,27,52_27_1/x/faker_1121_27_1_3.jpg,52_27_1/y/faker_1121_27_1_3.png
1023,52,27,52_27_1/x/faker_1122_27_1_4.jpg,52_27_1/y/faker_1122_27_1_4.png
1024,52,27,52_27_1/x/faker_1123_27_1_5.jpg,52_27_1/y/faker_1123_27_1_5.png
1025,52,27,52_27_1/x/faker_1124_27_1_6.jpg,52_27_1/y/faker_1124_27_1_6.png
1026,52,27,52_27_1/x/faker_1125_27_1_7.jpg,52_27_1/y/faker_1125_27_1_7.png
1027,52,27,52_27_1/x/faker_1126_27_1_8.jpg,52_27_1/y/faker_1126_27_1_8.png
1028,52,27,52_27_1/x/faker_1127_27_1_9.jpg,52_27_1/y/faker_1127_27_1_9.png
1029,52,27,52_27_1/x/faker_1129_27_1_10.jpg,52_27_1/y/faker_1129_27_1_10.png
1030,52,27,52_27_1/x/faker_1130_27_1_11.jpg,52_27_1/y/faker_1130_27_1_11.png
1031,52,27,52_27_1/x/faker_1131_27_1_12.jpg,52_27_1/y/faker_1131_27_1_12.png
1032,52,27,52_27_1/x/faker_1132_27_1_13.jpg,52_27_1/y/faker_1132_27_1_13.png
1033,52,27,52_27_1/x/faker_1133_27_1_14.jpg,52_27_1/y/faker_1133_27_1_14.png
1034,52,27,52_27_1/x/faker_1134_27_1_15.jpg,52_27_1/y/faker_1134_27_1_15.png
1035,52,27,52_27_1/x/faker_1135_27_1_16.jpg,52_27_1/y/faker_1135_27_1_16.png
1036,52,27,52_27_1/x/faker_1136_27_1_17.jpg,52_27_1/y/faker_1136_27_1_17.png
1037,52,27,52_27_1/x/faker_1137_27_1_18.jpg,52_27_1/y/faker_1137_27_1_18.png
1038,52,27,52_27_1/x/faker_1138_27_1_19.jpg,52_27_1/y/faker_1138_27_1_19.png
1039,52,27,52_27_1/x/faker_1139_27_1_20.jpg,52_27_1/y/faker_1139_27_1_20.png
1080,55,30,55_30_1/x/faker_1186_30_1_1.jpg,55_30_1/y/faker_1186_30_1_1.png
1081,55,30,55_30_1/x/faker_1187_30_1_2.jpg,55_30_1/y/faker_1187_30_1_2.png
1082,55,30,55_30_1/x/faker_1188_30_1_3.jpg,55_30_1/y/faker_1188_30_1_3.png
1083,55,30,55_30_1/x/faker_1189_30_1_4.jpg,55_30_1/y/faker_1189_30_1_4.png
1084,55,30,55_30_1/x/faker_1190_30_1_5.jpg,55_30_1/y/faker_1190_30_1_5.png
1085,55,30,55_30_1/x/faker_1191_30_1_6.jpg,55_30_1/y/faker_1191_30_1_6.png
1086,55,30,55_30_1/x/faker_1192_30_1_7.jpg,55_30_1/y/faker_1192_30_1_7.png
1087,55,30,55_30_1/x/faker_1193_30_1_8.jpg,55_30_1/y/faker_1193_30_1_8.png
1088,55,30,55_30_1/x/faker_1194_30_1_9.jpg,55_30_1/y/faker_1194_30_1_9.png
1089,55,30,55_30_1/x/faker_1195_30_1_10.jpg,55_30_1/y/faker_1195_30_1_10.png
1090,55,30,55_30_1/x/faker_1196_30_1_11.jpg,55_30_1/y/faker_1196_30_1_11.png
1091,55,30,55_30_1/x/faker_1197_30_1_12.jpg,55_30_1/y/faker_1197_30_1_12.png
1092,55,30,55_30_1/x/faker_1198_30_1_13.jpg,55_30_1/y/faker_1198_30_1_13.png
1093,55,30,55_30_1/x/faker_1199_30_1_14.jpg,55_30_1/y/faker_1199_30_1_14.png
1094,55,30,55_30_1/x/faker_1200_30_1_15.jpg,55_30_1/y/faker_1200_30_1_15.png
1095,55,30,55_30_1/x/faker_1201_30_1_16.jpg,55_30_1/y/faker_1201_30_1_16.png
1096,55,30,55_30_1/x/faker_1202_30_1_17.jpg,55_30_1/y/faker_1202_30_1_17.png
1097,55,30,55_30_1/x/faker_1203_30_1_18.jpg,55_30_1/y/faker_1203_30_1_18.png
1098,55,30,55_30_1/x/faker_1204_30_1_19.jpg,55_30_1/y/faker_1204_30_1_19.png
1099,55,30,55_30_1/x/faker_1205_30_1_20.jpg,55_30_1/y/faker_1205_30_1_20.png
1140,58,33,58_33_1/x/faker_1246_33_1_1.jpg,58_33_1/y/faker_1246_33_1_1.png
1141,58,33,58_33_1/x/faker_1247_33_1_2.jpg,58_33_1/y/faker_1247_33_1_2.png
1142,58,33,58_33_1/x/faker_1249_33_1_3.jpg,58_33_1/y/faker_1249_33_1_3.png
1143,58,33,58_33_1/x/faker_1250_33_1_4.jpg,58_33_1/y/faker_1250_33_1_4.png
1144,58,33,58_33_1/x/faker_1251_33_1_5.jpg,58_33_1/y/faker_1251_33_1_5.png
1145,58,33,58_33_1/x/faker_1252_33_1_6.jpg,58_33_1/y/faker_1252_33_1_6.png
1146,58,33,58_33_1/x/faker_1253_33_1_7.jpg,58_33_1/y/faker_1253_33_1_7.png
1147,58,33,58_33_1/x/faker_1254_33_1_8.jpg,58_33_1/y/faker_1254_33_1_8.png
1148,58,33,58_33_1/x/faker_1255_33_1_9.jpg,58_33_1/y/faker_1255_33_1_9.png
1149,58,33,58_33_1/x/faker_1256_33_1_10.jpg,58_33_1/y/faker_1256_33_1_10.png
1150,58,33,58_33_1/x/faker_1258_33_1_11.jpg,58_33_1/y/faker_1258_33_1_11.png
1151,58,33,58_33_1/x/faker_1259_33_1_12.jpg,58_33_1/y/faker_1259_33_1_12.png
1152,58,33,58_33_1/x/faker_1260_33_1_13.jpg,58_33_1/y/faker_1260_33_1_13.png
1153,58,33,58_33_1/x/faker_1261_33_1_14.jpg,58_33_1/y/faker_1261_33_1_14.png
1154,58,33,58_33_1/x/faker_1262_33_1_15.jpg,58_33_1/y/faker_1262_33_1_15.png
1155,58,33,58_33_1/x/faker_1264_33_1_16.jpg,58_33_1/y/faker_1264_33_1_16.png
1156,58,33,58_33_1/x/faker_1265_33_1_17.jpg,58_33_1/y/faker_1265_33_1_17.png
1157,58,33,58_33_1/x/faker_1266_33_1_18.jpg,58_33_1/y/faker_1266_33_1_18.png
1158,58,33,58_33_1/x/faker_1267_33_1_19.jpg,58_33_1/y/faker_1267_33_1_19.png
1159,58,33,58_33_1/x/faker_1268_33_1_20.jpg,58_33_1/y/faker_1268_33_1_20.png
1160,59,34,59_34_1/x/faker_1269_34_1_1.jpg,59_34_1/y/faker_1269_34_1_1.png
1161,59,34,59_34_1/x/faker_1270_34_1_2.jpg,59_34_1/y/faker_1270_34_1_2.png
1162,59,34,59_34_1/x/faker_1271_34_1_3.jpg,59_34_1/y/faker_1271_34_1_3.png
1163,59,34,59_34_1/x/faker_1272_34_1_4.jpg,59_34_1/y/faker_1272_34_1_4.png
1164,59,34,59_34_1/x/faker_1273_34_1_5.jpg,59_34_1/y/faker_1273_34_1_5.png
1165,59,34,59_34_1/x/faker_1274_34_1_6.jpg,59_34_1/y/faker_1274_34_1_6.png
1166,59,34,59_34_1/x/faker_1275_34_1_7.jpg,59_34_1/y/faker_1275_34_1_7.png
1167,59,34,59_34_1/x/faker_1276_34_1_8.jpg,59_34_1/y/faker_1276_34_1_8.png
1168,59,34,59_34_1/x/faker_1277_34_1_9.jpg,59_34_1/y/faker_1277_34_1_9.png
1169,59,34,59_34_1/x/faker_1278_34_1_10.jpg,59_34_1/y/faker_1278_34_1_10.png
1170,59,34,59_34_1/x/faker_1279_34_1_11.jpg,59_34_1/y/faker_1279_34_1_11.png
1171,59,34,59_34_1/x/faker_1280_34_1_12.jpg,59_34_1/y/faker_1280_34_1_12.png
1172,59,34,59_34_1/x/faker_1282_34_1_13.jpg,59_34_1/y/faker_1282_34_1_13.png
1173,59,34,59_34_1/x/faker_1283_34_1_14.jpg,59_34_1/y/faker_1283_34_1_14.png
1174,59,34,59_34_1/x/faker_1284_34_1_15.jpg,59_34_1/y/faker_1284_34_1_15.png
1175,59,34,59_34_1/x/faker_1285_34_1_16.jpg,59_34_1/y/faker_1285_34_1_16.png
1176,59,34,59_34_1/x/faker_1286_34_1_17.jpg,59_34_1/y/faker_1286_34_1_17.png
1177,59,34,59_34_1/x/faker_1287_34_1_18.jpg,59_34_1/y/faker_1287_34_1_18.png
1178,59,34,59_34_1/x/faker_1289_34_1_19.jpg,59_34_1/y/faker_1289_34_1_19.png
1179,59,34,59_34_1/x/faker_1290_34_1_20.jpg,59_34_1/y/faker_1290_34_1_20.png
1220,62,36,62_36_1/x/faker_1337_36_1_1.jpg,62_36_1/y/faker_1337_36_1_1.png
1221,62,36,62_36_1/x/faker_1339_36_1_2.jpg,62_36_1/y/faker_1339_36_1_2.png
1222,62,36,62_36_1/x/faker_1341_36_1_3.jpg,62_36_1/y/faker_1341_36_1_3.png
1223,62,36,62_36_1/x/faker_1343_36_1_4.jpg,62_36_1/y/faker_1343_36_1_4.png
1224,62,36,62_36_1/x/faker_1345_36_1_5.jpg,62_36_1/y/faker_1345_36_1_5.png
1225,62,36,62_36_1/x/faker_1348_36_1_6.jpg,62_36_1/y/faker_1348_36_1_6.png
1226,62,36,62_36_1/x/faker_1350_36_1_7.jpg,62_36_1/y/faker_1350_36_1_7.png
1227,62,36,62_36_1/x/faker_1351_36_1_8.jpg,62_36_1/y/faker_1351_36_1_8.png
1228,62,36,62_36_1/x/faker_1352_36_1_9.jpg,62_36_1/y/faker_1352_36_1_9.png
1229,62,36,62_36_1/x/faker_1354_36_1_10.jpg,62_36_1/y/faker_1354_36_1_10.png
1230,62,36,62_36_1/x/faker_1355_36_1_11.jpg,62_36_1/y/faker_1355_36_1_11.png
1231,62,36,62_36_1/x/faker_1360_36_1_12.jpg,62_36_1/y/faker_1360_36_1_12.png
1232,62,36,62_36_1/x/faker_1361_36_1_13.jpg,62_36_1/y/faker_1361_36_1_13.png
1233,62,36,62_36_1/x/faker_1363_36_1_14.jpg,62_36_1/y/faker_1363_36_1_14.png
1234,62,36,62_36_1/x/faker_1365_36_1_15.jpg,62_36_1/y/faker_1365_36_1_15.png
1235,62,36,62_36_1/x/faker_1368_36_1_16.jpg,62_36_1/y/faker_1368_36_1_16.png
1236,62,36,62_36_1/x/faker_1369_36_1_17.jpg,62_36_1/y/faker_1369_36_1_17.png
1237,62,36,62_36_1/x/faker_1370_36_1_18.jpg,62_36_1/y/faker_1370_36_1_18.png
1238,62,36,62_36_1/x/faker_1372_36_1_19.jpg,62_36_1/y/faker_1372_36_1_19.png
1239,62,36,62_36_1/x/faker_1373_36_1_20.jpg,62_36_1/y/faker_1373_36_1_20.png
1240,63,36,63_36_2/x/faker_1374_36_2_1.jpg,63_36_2/y/faker_1374_36_2_1.png
1241,63,36,63_36_2/x/faker_1382_36_2_2.jpg,63_36_2/y/faker_1382_36_2_2.png
1242,63,36,63_36_2/x/faker_1384_36_2_3.jpg,63_36_2/y/faker_1384_36_2_3.png
1243,63,36,63_36_2/x/faker_1385_36_2_4.jpg,63_36_2/y/faker_1385_36_2_4.png
1244,63,36,63_36_2/x/faker_1387_36_2_5.jpg,63_36_2/y/faker_1387_36_2_5.png
1245,63,36,63_36_2/x/faker_1389_36_2_6.jpg,63_36_2/y/faker_1389_36_2_6.png
1246,63,36,63_36_2/x/faker_1390_36_2_7.jpg,63_36_2/y/faker_1390_36_2_7.png
1247,63,36,63_36_2/x/faker_1391_36_2_8.jpg,63_36_2/y/faker_1391_36_2_8.png
1248,63,36,63_36_2/x/faker_1398_36_2_9.jpg,63_36_2/y/faker_1398_36_2_9.png
1249,63,36,63_36_2/x/faker_1400_36_2_10.jpg,63_36_2/y/faker_1400_36_2_10.png
1250,63,36,63_36_2/x/faker_1402_36_2_11.jpg,63_36_2/y/faker_1402_36_2_11.png
1251,63,36,63_36_2/x/faker_1403_36_2_12.jpg,63_36_2/y/faker_1403_36_2_12.png
1252,63,36,63_36_2/x/faker_1407_36_2_13.jpg,63_36_2/y/faker_1407_36_2_13.png
1253,63,36,63_36_2/x/faker_1410_36_2_14.jpg,63_36_2/y/faker_1410_36_2_14.png
1254,63,36,63_36_2/x/faker_1414_36_2_15.jpg,63_36_2/y/faker_1414_36_2_15.png
1255,63,36,63_36_2/x/faker_1415_36_2_16.jpg,63_36_2/y/faker_1415_36_2_16.png
1256,63,36,63_36_2/x/faker_1417_36_2_17.jpg,63_36_2/y/faker_1417_36_2_17.png
1257,63,36,63_36_2/x/faker_1418_36_2_18.jpg,63_36_2/y/faker_1418_36_2_18.png
1258,63,36,63_36_2/x/faker_1421_36_2_19.jpg,63_36_2/y/faker_1421_36_2_19.png
1259,63,36,63_36_2/x/faker_1422_36_2_20.jpg,63_36_2/y/faker_1422_36_2_20.png
1260,64,36,64_36_3/x/faker_1424_36_3_1.jpg,64_36_3/y/faker_1424_36_3_1.png
1261,64,36,64_36_3/x/faker_1427_36_3_2.jpg,64_36_3/y/faker_1427_36_3_2.png
1262,64,36,64_36_3/x/faker_1430_36_3_3.jpg,64_36_3/y/faker_1430_36_3_3.png
1263,64,36,64_36_3/x/faker_1431_36_3_4.jpg,64_36_3/y/faker_1431_36_3_4.png
1264,64,36,64_36_3/x/faker_1435_36_3_5.jpg,64_36_3/y/faker_1435_36_3_5.png
1265,64,36,64_36_3/x/faker_1436_36_3_6.jpg,64_36_3/y/faker_1436_36_3_6.png
1266,64,36,64_36_3/x/faker_1437_36_3_7.jpg,64_36_3/y/faker_1437_36_3_7.png
1267,64,36,64_36_3/x/faker_1441_36_3_8.jpg,64_36_3/y/faker_1441_36_3_8.png
1268,64,36,64_36_3/x/faker_1443_36_3_9.jpg,64_36_3/y/faker_1443_36_3_9.png
1269,64,36,64_36_3/x/faker_1444_36_3_10.jpg,64_36_3/y/faker_1444_36_3_10.png
1270,64,36,64_36_3/x/faker_1449_36_3_11.jpg,64_36_3/y/faker_1449_36_3_11.png
1271,64,36,64_36_3/x/faker_1452_36_3_12.jpg,64_36_3/y/faker_1452_36_3_12.png
1272,64,36,64_36_3/x/faker_1454_36_3_13.jpg,64_36_3/y/faker_1454_36_3_13.png
1273,64,36,64_36_3/x/faker_1456_36_3_14.jpg,64_36_3/y/faker_1456_36_3_14.png
1274,64,36,64_36_3/x/faker_1457_36_3_15.jpg,64_36_3/y/faker_1457_36_3_15.png
1275,64,36,64_36_3/x/faker_1458_36_3_16.jpg,64_36_3/y/faker_1458_36_3_16.png
1276,64,36,64_36_3/x/faker_1459_36_3_17.jpg,64_36_3/y/faker_1459_36_3_17.png
1277,64,36,64_36_3/x/faker_1460_36_3_18.jpg,64_36_3/y/faker_1460_36_3_18.png
1278,64,36,64_36_3/x/faker_1461_36_3_19.jpg,64_36_3/y/faker_1461_36_3_19.png
1279,64,36,64_36_3/x/faker_1462_36_3_20.jpg,64_36_3/y/faker_1462_36_3_20.png
1280,65,37,65_37_1/x/faker_1464_37_1_1.jpg,65_37_1/y/faker_1464_37_1_1.png
1281,65,37,65_37_1/x/faker_1465_37_1_2.jpg,65_37_1/y/faker_1465_37_1_2.png
1282,65,37,65_37_1/x/faker_1466_37_1_3.jpg,65_37_1/y/faker_1466_37_1_3.png
1283,65,37,65_37_1/x/faker_1467_37_1_4.jpg,65_37_1/y/faker_1467_37_1_4.png
1284,65,37,65_37_1/x/faker_1468_37_1_5.jpg,65_37_1/y/faker_1468_37_1_5.png
1285,65,37,65_37_1/x/faker_1469_37_1_6.jpg,65_37_1/y/faker_1469_37_1_6.png
1286,65,37,65_37_1/x/faker_1470_37_1_7.jpg,65_37_1/y/faker_1470_37_1_7.png
1287,65,37,65_37_1/x/faker_1471_37_1_8.jpg,65_37_1/y/faker_1471_37_1_8.png
1288,65,37,65_37_1/x/faker_1473_37_1_9.jpg,65_37_1/y/faker_1473_37_1_9.png
1289,65,37,65_37_1/x/faker_1474_37_1_10.jpg,65_37_1/y/faker_1474_37_1_10.png
1290,65,37,65_37_1/x/faker_1475_37_1_11.jpg,65_37_1/y/faker_1475_37_1_11.png
1291,65,37,65_37_1/x/faker_1476_37_1_12.jpg,65_37_1/y/faker_1476_37_1_12.png
1292,65,37,65_37_1/x/faker_1477_37_1_13.jpg,65_37_1/y/faker_1477_37_1_13.png
1293,65,37,65_37_1/x/faker_1478_37_1_14.jpg,65_37_1/y/faker_1478_37_1_14.png
1294,65,37,65_37_1/x/faker_1479_37_1_15.jpg,65_37_1/y/faker_1479_37_1_15.png
1295,65,37,65_37_1/x/faker_1480_37_1_16.jpg,65_37_1/y/faker_1480_37_1_16.png
1296,65,37,65_37_1/x/faker_1481_37_1_17.jpg,65_37_1/y/faker_1481_37_1_17.png
1297,65,37,65_37_1/x/faker_1483_37_1_18.jpg,65_37_1/y/faker_1483_37_1_18.png
1298,65,37,65_37_1/x/faker_1484_37_1_19.jpg,65_37_1/y/faker_1484_37_1_19.png
1299,65,37,65_37_1/x/faker_1485_37_1_20.jpg,65_37_1/y/faker_1485_37_1_20.png
1300,66,37,66_37_2/x/faker_1488_37_2_1.jpg,66_37_2/y/faker_1488_37_2_1.png
1301,66,37,66_37_2/x/faker_1490_37_2_2.jpg,66_37_2/y/faker_1490_37_2_2.png
1302,66,37,66_37_2/x/faker_1491_37_2_3.jpg,66_37_2/y/faker_1491_37_2_3.png
1303,66,37,66_37_2/x/faker_1494_37_2_4.jpg,66_37_2/y/faker_1494_37_2_4.png
1304,66,37,66_37_2/x/faker_1495_37_2_5.jpg,66_37_2/y/faker_1495_37_2_5.png
1305,66,37,66_37_2/x/faker_1497_37_2_6.jpg,66_37_2/y/faker_1497_37_2_6.png
1306,66,37,66_37_2/x/faker_1503_37_2_7.jpg,66_37_2/y/faker_1503_37_2_7.png
1307,66,37,66_37_2/x/faker_1504_37_2_8.jpg,66_37_2/y/faker_1504_37_2_8.png
1308,66,37,66_37_2/x/faker_1507_37_2_9.jpg,66_37_2/y/faker_1507_37_2_9.png
1309,66,37,66_37_2/x/faker_1509_37_2_10.jpg,66_37_2/y/faker_1509_37_2_10.png
1310,66,37,66_37_2/x/faker_1510_37_2_11.jpg,66_37_2/y/faker_1510_37_2_11.png
1311,66,37,66_37_2/x/faker_1513_37_2_12.jpg,66_37_2/y/faker_1513_37_2_12.png
1312,66,37,66_37_2/x/faker_1514_37_2_13.jpg,66_37_2/y/faker_1514_37_2_13.png
1313,66,37,66_37_2/x/faker_1517_37_2_14.jpg,66_37_2/y/faker_1517_37_2_14.png
1314,66,37,66_37_2/x/faker_1518_37_2_15.jpg,66_37_2/y/faker_1518_37_2_15.png
1315,66,37,66_37_2/x/faker_1519_37_2_16.jpg,66_37_2/y/faker_1519_37_2_16.png
1316,66,37,66_37_2/x/faker_1522_37_2_17.jpg,66_37_2/y/faker_1522_37_2_17.png
1317,66,37,66_37_2/x/faker_1523_37_2_18.jpg,66_37_2/y/faker_1523_37_2_18.png
1318,66,37,66_37_2/x/faker_1524_37_2_19.jpg,66_37_2/y/faker_1524_37_2_19.png
1319,66,37,66_37_2/x/faker_1526_37_2_20.jpg,66_37_2/y/faker_1526_37_2_20.png
1320,67,37,67_37_3/x/faker_1527_37_3_1.jpg,67_37_3/y/faker_1527_37_3_1.png
1321,67,37,67_37_3/x/faker_1528_37_3_2.jpg,67_37_3/y/faker_1528_37_3_2.png
1322,67,37,67_37_3/x/faker_1529_37_3_3.jpg,67_37_3/y/faker_1529_37_3_3.png
1323,67,37,67_37_3/x/faker_1530_37_3_4.jpg,67_37_3/y/faker_1530_37_3_4.png
1324,67,37,67_37_3/x/faker_1531_37_3_5.jpg,67_37_3/y/faker_1531_37_3_5.png
1325,67,37,67_37_3/x/faker_1532_37_3_6.jpg,67_37_3/y/faker_1532_37_3_6.png
1326,67,37,67_37_3/x/faker_1533_37_3_7.jpg,67_37_3/y/faker_1533_37_3_7.png
1327,67,37,67_37_3/x/faker_1534_37_3_8.jpg,67_37_3/y/faker_1534_37_3_8.png
1328,67,37,67_37_3/x/faker_1535_37_3_9.jpg,67_37_3/y/faker_1535_37_3_9.png
1329,67,37,67_37_3/x/faker_1536_37_3_10.jpg,67_37_3/y/faker_1536_37_3_10.png
1330,67,37,67_37_3/x/faker_1537_37_3_11.jpg,67_37_3/y/faker_1537_37_3_11.png
1331,67,37,67_37_3/x/faker_1540_37_3_12.jpg,67_37_3/y/faker_1540_37_3_12.png
1332,67,37,67_37_3/x/faker_1541_37_3_13.jpg,67_37_3/y/faker_1541_37_3_13.png
1333,67,37,67_37_3/x/faker_1542_37_3_14.jpg,67_37_3/y/faker_1542_37_3_14.png
1334,67,37,67_37_3/x/faker_1543_37_3_15.jpg,67_37_3/y/faker_1543_37_3_15.png
1335,67,37,67_37_3/x/faker_1545_37_3_16.jpg,67_37_3/y/faker_1545_37_3_16.png
1336,67,37,67_37_3/x/faker_1548_37_3_17.jpg,67_37_3/y/faker_1548_37_3_17.png
1337,67,37,67_37_3/x/faker_1551_37_3_18.jpg,67_37_3/y/faker_1551_37_3_18.png
1338,67,37,67_37_3/x/faker_1552_37_3_19.jpg,67_37_3/y/faker_1552_37_3_19.png
1339,67,37,67_37_3/x/faker_1553_37_3_20.jpg,67_37_3/y/faker_1553_37_3_20.png
1340,68,38,68_38_1/x/faker_1554_38_1_1.jpg,68_38_1/y/faker_1554_38_1_1.png
1341,68,38,68_38_1/x/faker_1556_38_1_2.jpg,68_38_1/y/faker_1556_38_1_2.png
1342,68,38,68_38_1/x/faker_1564_38_1_3.jpg,68_38_1/y/faker_1564_38_1_3.png
1343,68,38,68_38_1/x/faker_1567_38_1_4.jpg,68_38_1/y/faker_1567_38_1_4.png
1344,68,38,68_38_1/x/faker_1571_38_1_5.jpg,68_38_1/y/faker_1571_38_1_5.png
1345,68,38,68_38_1/x/faker_1580_38_1_6.jpg,68_38_1/y/faker_1580_38_1_6.png
1346,68,38,68_38_1/x/faker_1581_38_1_7.jpg,68_38_1/y/faker_1581_38_1_7.png
1347,68,38,68_38_1/x/faker_1584_38_1_8.jpg,68_38_1/y/faker_1584_38_1_8.png
1348,68,38,68_38_1/x/faker_1586_38_1_9.jpg,68_38_1/y/faker_1586_38_1_9.png
1349,68,38,68_38_1/x/faker_1587_38_1_10.jpg,68_38_1/y/faker_1587_38_1_10.png
1350,68,38,68_38_1/x/faker_1589_38_1_11.jpg,68_38_1/y/faker_1589_38_1_11.png
1351,68,38,68_38_1/x/faker_1592_38_1_12.jpg,68_38_1/y/faker_1592_38_1_12.png
1352,68,38,68_38_1/x/faker_1601_38_1_13.jpg,68_38_1/y/faker_1601_38_1_13.png
1353,68,38,68_38_1/x/faker_1603_38_1_14.jpg,68_38_1/y/faker_1603_38_1_14.png
1354,68,38,68_38_1/x/faker_1607_38_1_15.jpg,68_38_1/y/faker_1607_38_1_15.png
1355,68,38,68_38_1/x/faker_1609_38_1_16.jpg,68_38_1/y/faker_1609_38_1_16.png
1356,68,38,68_38_1/x/faker_1611_38_1_17.jpg,68_38_1/y/faker_1611_38_1_17.png
1357,68,38,68_38_1/x/faker_1612_38_1_18.jpg,68_38_1/y/faker_1612_38_1_18.png
1358,68,38,68_38_1/x/faker_1614_38_1_19.jpg,68_38_1/y/faker_1614_38_1_19.png
1359,68,38,68_38_1/x/faker_1620_38_1_20.jpg,68_38_1/y/faker_1620_38_1_20.png
1360,69,38,69_38_2/x/faker_1621_38_2_1.jpg,69_38_2/y/faker_1621_38_2_1.png
1361,69,38,69_38_2/x/faker_1622_38_2_2.jpg,69_38_2/y/faker_1622_38_2_2.png
1362,69,38,69_38_2/x/faker_1625_38_2_3.jpg,69_38_2/y/faker_1625_38_2_3.png
1363,69,38,69_38_2/x/faker_1630_38_2_4.jpg,69_38_2/y/faker_1630_38_2_4.png
1364,69,38,69_38_2/x/faker_1631_38_2_5.jpg,69_38_2/y/faker_1631_38_2_5.png
1365,69,38,69_38_2/x/faker_1632_38_2_6.jpg,69_38_2/y/faker_1632_38_2_6.png
1366,69,38,69_38_2/x/faker_1635_38_2_7.jpg,69_38_2/y/faker_1635_38_2_7.png
1367,69,38,69_38_2/x/faker_1637_38_2_8.jpg,69_38_2/y/faker_1637_38_2_8.png
1368,69,38,69_38_2/x/faker_1638_38_2_9.jpg,69_38_2/y/faker_1638_38_2_9.png
1369,69,38,69_38_2/x/faker_1650_38_2_10.jpg,69_38_2/y/faker_1650_38_2_10.png
1370,69,38,69_38_2/x/faker_1651_38_2_11.jpg,69_38_2/y/faker_1651_38_2_11.png
1371,69,38,69_38_2/x/faker_1652_38_2_12.jpg,69_38_2/y/faker_1652_38_2_12.png
1372,69,38,69_38_2/x/faker_1656_38_2_13.jpg,69_38_2/y/faker_1656_38_2_13.png
1373,69,38,69_38_2/x/faker_1660_38_2_14.jpg,69_38_2/y/faker_1660_38_2_14.png
1374,69,38,69_38_2/x/faker_1661_38_2_15.jpg,69_38_2/y/faker_1661_38_2_15.png
1375,69,38,69_38_2/x/faker_1663_38_2_16.jpg,69_38_2/y/faker_1663_38_2_16.png
1376,69,38,69_38_2/x/faker_1664_38_2_17.jpg,69_38_2/y/faker_1664_38_2_17.png
1377,69,38,69_38_2/x/faker_1667_38_2_18.jpg,69_38_2/y/faker_1667_38_2_18.png
1378,69,38,69_38_2/x/faker_1670_38_2_19.jpg,69_38_2/y/faker_1670_38_2_19.png
1379,69,38,69_38_2/x/faker_1673_38_2_20.jpg,69_38_2/y/faker_1673_38_2_20.png
1380,70,38,70_38_3/x/faker_1674_38_3_1.jpg,70_38_3/y/faker_1674_38_3_1.png
1381,70,38,70_38_3/x/faker_1675_38_3_2.jpg,70_38_3/y/faker_1675_38_3_2.png
1382,70,38,70_38_3/x/faker_1680_38_3_3.jpg,70_38_3/y/faker_1680_38_3_3.png
1383,70,38,70_38_3/x/faker_1681_38_3_4.jpg,70_38_3/y/faker_1681_38_3_4.png
1384,70,38,70_38_3/x/faker_1684_38_3_5.jpg,70_38_3/y/faker_1684_38_3_5.png
1385,70,38,70_38_3/x/faker_1691_38_3_6.jpg,70_38_3/y/faker_1691_38_3_6.png
1386,70,38,70_38_3/x/faker_1693_38_3_7.jpg,70_38_3/y/faker_1693_38_3_7.png
1387,70,38,70_38_3/x/faker_1695_38_3_8.jpg,70_38_3/y/faker_1695_38_3_8.png
1388,70,38,70_38_3/x/faker_1700_38_3_9.jpg,70_38_3/y/faker_1700_38_3_9.png
1389,70,38,70_38_3/x/faker_1704_38_3_10.jpg,70_38_3/y/faker_1704_38_3_10.png
1390,70,38,70_38_3/x/faker_1706_38_3_11.jpg,70_38_3/y/faker_1706_38_3_11.png
1391,70,38,70_38_3/x/faker_1713_38_3_12.jpg,70_38_3/y/faker_1713_38_3_12.png
1392,70,38,70_38_3/x/faker_1714_38_3_13.jpg,70_38_3/y/faker_1714_38_3_13.png
1393,70,38,70_38_3/x/faker_1715_38_3_14.jpg,70_38_3/y/faker_1715_38_3_14.png
1394,70,38,70_38_3/x/faker_1716_38_3_15.jpg,70_38_3/y/faker_1716_38_3_15.png
1395,70,38,70_38_3/x/faker_1719_38_3_16.jpg,70_38_3/y/faker_1719_38_3_16.png
1396,70,38,70_38_3/x/faker_1720_38_3_17.jpg,70_38_3/y/faker_1720_38_3_17.png
1397,70,38,70_38_3/x/faker_1721_38_3_18.jpg,70_38_3/y/faker_1721_38_3_18.png
1398,70,38,70_38_3/x/faker_1724_38_3_19.jpg,70_38_3/y/faker_1724_38_3_19.png
1399,70,38,70_38_3/x/faker_1725_38_3_20.jpg,70_38_3/y/faker_1725_38_3_20.png
1460,74,40,74_40_1/x/faker_1806_40_1_1.jpg,74_40_1/y/faker_1806_40_1_1.png
1461,74,40,74_40_1/x/faker_1807_40_1_2.jpg,74_40_1/y/faker_1807_40_1_2.png
1462,74,40,74_40_1/x/faker_1808_40_1_3.jpg,74_40_1/y/faker_1808_40_1_3.png
1463,74,40,74_40_1/x/faker_1812_40_1_4.jpg,74_40_1/y/faker_1812_40_1_4.png
1464,74,40,74_40_1/x/faker_1813_40_1_5.jpg,74_40_1/y/faker_1813_40_1_5.png
1465,74,40,74_40_1/x/faker_1814_40_1_6.jpg,74_40_1/y/faker_1814_40_1_6.png
1466,74,40,74_40_1/x/faker_1815_40_1_7.jpg,74_40_1/y/faker_1815_40_1_7.png
1467,74,40,74_40_1/x/faker_1816_40_1_8.jpg,74_40_1/y/faker_1816_40_1_8.png
1468,74,40,74_40_1/x/faker_1817_40_1_9.jpg,74_40_1/y/faker_1817_40_1_9.png
1469,74,40,74_40_1/x/faker_1818_40_1_10.jpg,74_40_1/y/faker_1818_40_1_10.png
1470,74,40,74_40_1/x/faker_1819_40_1_11.jpg,74_40_1/y/faker_1819_40_1_11.png
1471,74,40,74_40_1/x/faker_1820_40_1_12.jpg,74_40_1/y/faker_1820_40_1_12.png
1472,74,40,74_40_1/x/faker_1822_40_1_13.jpg,74_40_1/y/faker_1822_40_1_13.png
1473,74,40,74_40_1/x/faker_1824_40_1_14.jpg,74_40_1/y/faker_1824_40_1_14.png
1474,74,40,74_40_1/x/faker_1826_40_1_15.jpg,74_40_1/y/faker_1826_40_1_15.png
1475,74,40,74_40_1/x/faker_1836_40_1_16.jpg,74_40_1/y/faker_1836_40_1_16.png
1476,74,40,74_40_1/x/faker_1846_40_1_17.jpg,74_40_1/y/faker_1846_40_1_17.png
1477,74,40,74_40_1/x/faker_1857_40_1_18.jpg,74_40_1/y/faker_1857_40_1_18.png
1478,74,40,74_40_1/x/faker_1868_40_1_19.jpg,74_40_1/y/faker_1868_40_1_19.png
1479,74,40,74_40_1/x/faker_1874_40_1_20.jpg,74_40_1/y/faker_1874_40_1_20.png
1480,75,40,75_40_2/x/faker_1884_40_2_1.jpg,75_40_2/y/faker_1884_40_2_1.png
1481,75,40,75_40_2/x/faker_1889_40_2_2.jpg,75_40_2/y/faker_1889_40_2_2.png
1482,75,40,75_40_2/x/faker_1890_40_2_3.jpg,75_40_2/y/faker_1890_40_2_3.png
1483,75,40,75_40_2/x/faker_1897_40_2_4.jpg,75_40_2/y/faker_1897_40_2_4.png
1484,75,40,75_40_2/x/faker_1898_40_2_5.jpg,75_40_2/y/faker_1898_40_2_5.png
1485,75,40,75_40_2/x/faker_1905_40_2_6.jpg,75_40_2/y/faker_1905_40_2_6.png
1486,75,40,75_40_2/x/faker_1908_40_2_7.jpg,75_40_2/y/faker_1908_40_2_7.png
1487,75,40,75_40_2/x/faker_1922_40_2_8.jpg,75_40_2/y/faker_1922_40_2_8.png
1488,75,40,75_40_2/x/faker_1927_40_2_9.jpg,75_40_2/y/faker_1927_40_2_9.png
1489,75,40,75_40_2/x/faker_1935_40_2_10.jpg,75_40_2/y/faker_1935_40_2_10.png
1490,75,40,75_40_2/x/faker_1939_40_2_11.jpg,75_40_2/y/faker_1939_40_2_11.png
1491,75,40,75_40_2/x/faker_1947_40_2_12.jpg,75_40_2/y/faker_1947_40_2_12.png
1492,75,40,75_40_2/x/faker_1948_40_2_13.jpg,75_40_2/y/faker_1948_40_2_13.png
1493,75,40,75_40_2/x/faker_1952_40_2_14.jpg,75_40_2/y/faker_1952_40_2_14.png
1494,75,40,75_40_2/x/faker_1956_40_2_15.jpg,75_40_2/y/faker_1956_40_2_15.png
1495,75,40,75_40_2/x/faker_1957_40_2_16.jpg,75_40_2/y/faker_1957_40_2_16.png
1496,75,40,75_40_2/x/faker_1961_40_2_17.jpg,75_40_2/y/faker_1961_40_2_17.png
1497,75,40,75_40_2/x/faker_1962_40_2_18.jpg,75_40_2/y/faker_1962_40_2_18.png
1498,75,40,75_40_2/x/faker_1964_40_2_19.jpg,75_40_2/y/faker_1964_40_2_19.png
1499,75,40,75_40_2/x/faker_1967_40_2_20.jpg,75_40_2/y/faker_1967_40_2_20.png
1500,76,40,76_40_3/x/faker_1970_40_3_1.jpg,76_40_3/y/faker_1970_40_3_1.png
1501,76,40,76_40_3/x/faker_1971_40_3_2.jpg,76_40_3/y/faker_1971_40_3_2.png
1502,76,40,76_40_3/x/faker_1972_40_3_3.jpg,76_40_3/y/faker_1972_40_3_3.png
1503,76,40,76_40_3/x/faker_1973_40_3_4.jpg,76_40_3/y/faker_1973_40_3_4.png
1504,76,40,76_40_3/x/faker_1976_40_3_5.jpg,76_40_3/y/faker_1976_40_3_5.png
1505,76,40,76_40_3/x/faker_1977_40_3_6.jpg,76_40_3/y/faker_1977_40_3_6.png
1506,76,40,76_40_3/x/faker_1978_40_3_7.jpg,76_40_3/y/faker_1978_40_3_7.png
1507,76,40,76_40_3/x/faker_1981_40_3_8.jpg,76_40_3/y/faker_1981_40_3_8.png
1508,76,40,76_40_3/x/faker_1985_40_3_9.jpg,76_40_3/y/faker_1985_40_3_9.png
1509,76,40,76_40_3/x/faker_1987_40_3_10.jpg,76_40_3/y/faker_1987_40_3_10.png
1510,76,40,76_40_3/x/faker_1988_40_3_11.jpg,76_40_3/y/faker_1988_40_3_11.png
1511,76,40,76_40_3/x/faker_1989_40_3_12.jpg,76_40_3/y/faker_1989_40_3_12.png
1512,76,40,76_40_3/x/faker_1990_40_3_13.jpg,76_40_3/y/faker_1990_40_3_13.png
1513,76,40,76_40_3/x/faker_1991_40_3_14.jpg,76_40_3/y/faker_1991_40_3_14.png
1514,76,40,76_40_3/x/faker_1993_40_3_15.jpg,76_40_3/y/faker_1993_40_3_15.png
1515,76,40,76_40_3/x/faker_1994_40_3_16.jpg,76_40_3/y/faker_1994_40_3_16.png
1516,76,40,76_40_3/x/faker_1997_40_3_17.jpg,76_40_3/y/faker_1997_40_3_17.png
1517,76,40,76_40_3/x/faker_1998_40_3_18.jpg,76_40_3/y/faker_1998_40_3_18.png
1518,76,40,76_40_3/x/faker_1999_40_3_19.jpg,76_40_3/y/faker_1999_40_3_19.png
1519,76,40,76_40_3/x/faker_2001_40_3_20.jpg,76_40_3/y/faker_2001_40_3_20.png
1520,77,41,77_41_1/x/faker_2002_41_1_1.jpg,77_41_1/y/faker_2002_41_1_1.png
1521,77,41,77_41_1/x/faker_2004_41_1_2.jpg,77_41_1/y/faker_2004_41_1_2.png
1522,77,41,77_41_1/x/faker_2005_41_1_3.jpg,77_41_1/y/faker_2005_41_1_3.png
1523,77,41,77_41_1/x/faker_2007_41_1_4.jpg,77_41_1/y/faker_2007_41_1_4.png
1524,77,41,77_41_1/x/faker_2008_41_1_5.jpg,77_41_1/y/faker_2008_41_1_5.png
1525,77,41,77_41_1/x/faker_2009_41_1_6.jpg,77_41_1/y/faker_2009_41_1_6.png
1526,77,41,77_41_1/x/faker_2012_41_1_7.jpg,77_41_1/y/faker_2012_41_1_7.png
1527,77,41,77_41_1/x/faker_2013_41_1_8.jpg,77_41_1/y/faker_2013_41_1_8.png
1528,77,41,77_41_1/x/faker_2014_41_1_9.jpg,77_41_1/y/faker_2014_41_1_9.png
1529,77,41,77_41_1/x/faker_2015_41_1_10.jpg,77_41_1/y/faker_2015_41_1_10.png
1530,77,41,77_41_1/x/faker_2016_41_1_11.jpg,77_41_1/y/faker_2016_41_1_11.png
1531,77,41,77_41_1/x/faker_2017_41_1_12.jpg,77_41_1/y/faker_2017_41_1_12.png
1532,77,41,77_41_1/x/faker_2018_41_1_13.jpg,77_41_1/y/faker_2018_41_1_13.png
1533,77,41,77_41_1/x/faker_2019_41_1_14.jpg,77_41_1/y/faker_2019_41_1_14.png
1534,77,41,77_41_1/x/faker_2020_41_1_15.jpg,77_41_1/y/faker_2020_41_1_15.png
1535,77,41,77_41_1/x/faker_2023_41_1_16.jpg,77_41_1/y/faker_2023_41_1_16.png
1536,77,41,77_41_1/x/faker_2024_41_1_17.jpg,77_41_1/y/faker_2024_41_1_17.png
1537,77,41,77_41_1/x/faker_2025_41_1_18.jpg,77_41_1/y/faker_2025_41_1_18.png
1538,77,41,77_41_1/x/faker_2026_41_1_19.jpg,77_41_1/y/faker_2026_41_1_19.png
1539,77,41,77_41_1/x/faker_2027_41_1_20.jpg,77_41_1/y/faker_2027_41_1_20.png
1540,78,42,78_42_1/x/faker_2032_42_1_1.jpg,78_42_1/y/faker_2032_42_1_1.png
1541,78,42,78_42_1/x/faker_2037_42_1_2.jpg,78_42_1/y/faker_2037_42_1_2.png
1542,78,42,78_42_1/x/faker_2042_42_1_3.jpg,78_42_1/y/faker_2042_42_1_3.png
1543,78,42,78_42_1/x/faker_2044_42_1_4.jpg,78_42_1/y/faker_2044_42_1_4.png
1544,78,42,78_42_1/x/faker_2046_42_1_5.jpg,78_42_1/y/faker_2046_42_1_5.png
1545,78,42,78_42_1/x/faker_2051_42_1_6.jpg,78_42_1/y/faker_2051_42_1_6.png
1546,78,42,78_42_1/x/faker_2053_42_1_7.jpg,78_42_1/y/faker_2053_42_1_7.png
1547,78,42,78_42_1/x/faker_2054_42_1_8.jpg,78_42_1/y/faker_2054_42_1_8.png
1548,78,42,78_42_1/x/faker_2064_42_1_9.jpg,78_42_1/y/faker_2064_42_1_9.png
1549,78,42,78_42_1/x/faker_2065_42_1_10.jpg,78_42_1/y/faker_2065_42_1_10.png
1550,78,42,78_42_1/x/faker_2069_42_1_11.jpg,78_42_1/y/faker_2069_42_1_11.png
1551,78,42,78_42_1/x/faker_2081_42_1_12.jpg,78_42_1/y/faker_2081_42_1_12.png
1552,78,42,78_42_1/x/faker_2083_42_1_13.jpg,78_42_1/y/faker_2083_42_1_13.png
1553,78,42,78_42_1/x/faker_2092_42_1_14.jpg,78_42_1/y/faker_2092_42_1_14.png
1554,78,42,78_42_1/x/faker_2094_42_1_15.jpg,78_42_1/y/faker_2094_42_1_15.png
1555,78,42,78_42_1/x/faker_2097_42_1_16.jpg,78_42_1/y/faker_2097_42_1_16.png
1556,78,42,78_42_1/x/faker_2100_42_1_17.jpg,78_42_1/y/faker_2100_42_1_17.png
1557,78,42,78_42_1/x/faker_2103_42_1_18.jpg,78_42_1/y/faker_2103_42_1_18.png
1558,78,42,78_42_1/x/faker_2104_42_1_19.jpg,78_42_1/y/faker_2104_42_1_19.png
1559,78,42,78_42_1/x/faker_2109_42_1_20.jpg,78_42_1/y/faker_2109_42_1_20.png
1560,79,42,79_42_2/x/faker_2110_42_2_1.jpg,79_42_2/y/faker_2110_42_2_1.png
1561,79,42,79_42_2/x/faker_2112_42_2_2.jpg,79_42_2/y/faker_2112_42_2_2.png
1562,79,42,79_42_2/x/faker_2114_42_2_3.jpg,79_42_2/y/faker_2114_42_2_3.png
1563,79,42,79_42_2/x/faker_2116_42_2_4.jpg,79_42_2/y/faker_2116_42_2_4.png
1564,79,42,79_42_2/x/faker_2117_42_2_5.jpg,79_42_2/y/faker_2117_42_2_5.png
1565,79,42,79_42_2/x/faker_2119_42_2_6.jpg,79_42_2/y/faker_2119_42_2_6.png
1566,79,42,79_42_2/x/faker_2120_42_2_7.jpg,79_42_2/y/faker_2120_42_2_7.png
1567,79,42,79_42_2/x/faker_2121_42_2_8.jpg,79_42_2/y/faker_2121_42_2_8.png
1568,79,42,79_42_2/x/faker_2122_42_2_9.jpg,79_42_2/y/faker_2122_42_2_9.png
1569,79,42,79_42_2/x/faker_2124_42_2_10.jpg,79_42_2/y/faker_2124_42_2_10.png
1570,79,42,79_42_2/x/faker_2125_42_2_11.jpg,79_42_2/y/faker_2125_42_2_11.png
1571,79,42,79_42_2/x/faker_2126_42_2_12.jpg,79_42_2/y/faker_2126_42_2_12.png
1572,79,42,79_42_2/x/faker_2127_42_2_13.jpg,79_42_2/y/faker_2127_42_2_13.png
1573,79,42,79_42_2/x/faker_2128_42_2_14.jpg,79_42_2/y/faker_2128_42_2_14.png
1574,79,42,79_42_2/x/faker_2129_42_2_15.jpg,79_42_2/y/faker_2129_42_2_15.png
1575,79,42,79_42_2/x/faker_2130_42_2_16.jpg,79_42_2/y/faker_2130_42_2_16.png
1576,79,42,79_42_2/x/faker_2133_42_2_17.jpg,79_42_2/y/faker_2133_42_2_17.png
1577,79,42,79_42_2/x/faker_2134_42_2_18.jpg,79_42_2/y/faker_2134_42_2_18.png
1578,79,42,79_42_2/x/faker_2135_42_2_19.jpg,79_42_2/y/faker_2135_42_2_19.png
1579,79,42,79_42_2/x/faker_2137_42_2_20.jpg,79_42_2/y/faker_2137_42_2_20.png
1580,80,42,80_42_3/x/faker_2139_42_3_1.jpg,80_42_3/y/faker_2139_42_3_1.png
1581,80,42,80_42_3/x/faker_2141_42_3_2.jpg,80_42_3/y/faker_2141_42_3_2.png
1582,80,42,80_42_3/x/faker_2142_42_3_3.jpg,80_42_3/y/faker_2142_42_3_3.png
1583,80,42,80_42_3/x/faker_2146_42_3_4.jpg,80_42_3/y/faker_2146_42_3_4.png
1584,80,42,80_42_3/x/faker_2147_42_3_5.jpg,80_42_3/y/faker_2147_42_3_5.png
1585,80,42,80_42_3/x/faker_2148_42_3_6.jpg,80_42_3/y/faker_2148_42_3_6.png
1586,80,42,80_42_3/x/faker_2149_42_3_7.jpg,80_42_3/y/faker_2149_42_3_7.png
1587,80,42,80_42_3/x/faker_2152_42_3_8.jpg,80_42_3/y/faker_2152_42_3_8.png
1588,80,42,80_42_3/x/faker_2153_42_3_9.jpg,80_42_3/y/faker_2153_42_3_9.png
1589,80,42,80_42_3/x/faker_2154_42_3_10.jpg,80_42_3/y/faker_2154_42_3_10.png
1590,80,42,80_42_3/x/faker_2155_42_3_11.jpg,80_42_3/y/faker_2155_42_3_11.png
1591,80,42,80_42_3/x/faker_2156_42_3_12.jpg,80_42_3/y/faker_2156_42_3_12.png
1592,80,42,80_42_3/x/faker_2157_42_3_13.jpg,80_42_3/y/faker_2157_42_3_13.png
1593,80,42,80_42_3/x/faker_2160_42_3_14.jpg,80_42_3/y/faker_2160_42_3_14.png
1594,80,42,80_42_3/x/faker_2162_42_3_15.jpg,80_42_3/y/faker_2162_42_3_15.png
1595,80,42,80_42_3/x/faker_2164_42_3_16.jpg,80_42_3/y/faker_2164_42_3_16.png
1596,80,42,80_42_3/x/faker_2165_42_3_17.jpg,80_42_3/y/faker_2165_42_3_17.png
1597,80,42,80_42_3/x/faker_2166_42_3_18.jpg,80_42_3/y/faker_2166_42_3_18.png
1598,80,42,80_42_3/x/faker_2167_42_3_19.jpg,80_42_3/y/faker_2167_42_3_19.png
1599,80,42,80_42_3/x/faker_2168_42_3_20.jpg,80_42_3/y/faker_2168_42_3_20.png
1660,84,44,84_44_1/x/faker_2726_44_1_1.jpg,84_44_1/y/faker_2726_44_1_1.png
1661,84,44,84_44_1/x/faker_2736_44_1_2.jpg,84_44_1/y/faker_2736_44_1_2.png
1662,84,44,84_44_1/x/faker_2739_44_1_3.jpg,84_44_1/y/faker_2739_44_1_3.png
1663,84,44,84_44_1/x/faker_2740_44_1_4.jpg,84_44_1/y/faker_2740_44_1_4.png
1664,84,44,84_44_1/x/faker_2741_44_1_5.jpg,84_44_1/y/faker_2741_44_1_5.png
1665,84,44,84_44_1/x/faker_2745_44_1_6.jpg,84_44_1/y/faker_2745_44_1_6.png
1666,84,44,84_44_1/x/faker_2746_44_1_7.jpg,84_44_1/y/faker_2746_44_1_7.png
1667,84,44,84_44_1/x/faker_2748_44_1_8.jpg,84_44_1/y/faker_2748_44_1_8.png
1668,84,44,84_44_1/x/faker_2752_44_1_9.jpg,84_44_1/y/faker_2752_44_1_9.png
1669,84,44,84_44_1/x/faker_2753_44_1_10.jpg,84_44_1/y/faker_2753_44_1_10.png
1670,84,44,84_44_1/x/faker_2754_44_1_11.jpg,84_44_1/y/faker_2754_44_1_11.png
1671,84,44,84_44_1/x/faker_2761_44_1_12.jpg,84_44_1/y/faker_2761_44_1_12.png
1672,84,44,84_44_1/x/faker_2762_44_1_13.jpg,84_44_1/y/faker_2762_44_1_13.png
1673,84,44,84_44_1/x/faker_2763_44_1_14.jpg,84_44_1/y/faker_2763_44_1_14.png
1674,84,44,84_44_1/x/faker_2765_44_1_15.jpg,84_44_1/y/faker_2765_44_1_15.png
1675,84,44,84_44_1/x/faker_2767_44_1_16.jpg,84_44_1/y/faker_2767_44_1_16.png
1676,84,44,84_44_1/x/faker_2770_44_1_17.jpg,84_44_1/y/faker_2770_44_1_17.png
1677,84,44,84_44_1/x/faker_2773_44_1_18.jpg,84_44_1/y/faker_2773_44_1_18.png
1678,84,44,84_44_1/x/faker_2776_44_1_19.jpg,84_44_1/y/faker_2776_44_1_19.png
1679,84,44,84_44_1/x/faker_2780_44_1_20.jpg,84_44_1/y/faker_2780_44_1_20.png
1680,85,44,85_44_2/x/faker_2781_44_2_1.jpg,85_44_2/y/faker_2781_44_2_1.png
1681,85,44,85_44_2/x/faker_2782_44_2_2.jpg,85_44_2/y/faker_2782_44_2_2.png
1682,85,44,85_44_2/x/faker_2784_44_2_3.jpg,85_44_2/y/faker_2784_44_2_3.png
1683,85,44,85_44_2/x/faker_2787_44_2_4.jpg,85_44_2/y/faker_2787_44_2_4.png
1684,85,44,85_44_2/x/faker_2788_44_2_5.jpg,85_44_2/y/faker_2788_44_2_5.png
1685,85,44,85_44_2/x/faker_2791_44_2_6.jpg,85_44_2/y/faker_2791_44_2_6.png
1686,85,44,85_44_2/x/faker_2792_44_2_7.jpg,85_44_2/y/faker_2792_44_2_7.png
1687,85,44,85_44_2/x/faker_2797_44_2_8.jpg,85_44_2/y/faker_2797_44_2_8.png
1688,85,44,85_44_2/x/faker_2799_44_2_9.jpg,85_44_2/y/faker_2799_44_2_9.png
1689,85,44,85_44_2/x/faker_2800_44_2_10.jpg,85_44_2/y/faker_2800_44_2_10.png
1690,85,44,85_44_2/x/faker_2801_44_2_11.jpg,85_44_2/y/faker_2801_44_2_11.png
1691,85,44,85_44_2/x/faker_2802_44_2_12.jpg,85_44_2/y/faker_2802_44_2_12.png
1692,85,44,85_44_2/x/faker_2804_44_2_13.jpg,85_44_2/y/faker_2804_44_2_13.png
1693,85,44,85_44_2/x/faker_2805_44_2_14.jpg,85_44_2/y/faker_2805_44_2_14.png
1694,85,44,85_44_2/x/faker_2808_44_2_15.jpg,85_44_2/y/faker_2808_44_2_15.png
1695,85,44,85_44_2/x/faker_2809_44_2_16.jpg,85_44_2/y/faker_2809_44_2_16.png
1696,85,44,85_44_2/x/faker_2812_44_2_17.jpg,85_44_2/y/faker_2812_44_2_17.png
1697,85,44,85_44_2/x/faker_2813_44_2_18.jpg,85_44_2/y/faker_2813_44_2_18.png
1698,85,44,85_44_2/x/faker_2815_44_2_19.jpg,85_44_2/y/faker_2815_44_2_19.png
1699,85,44,85_44_2/x/faker_2816_44_2_20.jpg,85_44_2/y/faker_2816_44_2_20.png
1700,86,44,86_44_3/x/faker_2817_44_3_1.jpg,86_44_3/y/faker_2817_44_3_1.png
1701,86,44,86_44_3/x/faker_2824_44_3_2.jpg,86_44_3/y/faker_2824_44_3_2.png
1702,86,44,86_44_3/x/faker_2825_44_3_3.jpg,86_44_3/y/faker_2825_44_3_3.png
1703,86,44,86_44_3/x/faker_2826_44_3_4.jpg,86_44_3/y/faker_2826_44_3_4.png
1704,86,44,86_44_3/x/faker_2830_44_3_5.jpg,86_44_3/y/faker_2830_44_3_5.png
1705,86,44,86_44_3/x/faker_2832_44_3_6.jpg,86_44_3/y/faker_2832_44_3_6.png
1706,86,44,86_44_3/x/faker_2833_44_3_7.jpg,86_44_3/y/faker_2833_44_3_7.png
1707,86,44,86_44_3/x/faker_2834_44_3_8.jpg,86_44_3/y/faker_2834_44_3_8.png
1708,86,44,86_44_3/x/faker_2835_44_3_9.jpg,86_44_3/y/faker_2835_44_3_9.png
1709,86,44,86_44_3/x/faker_2837_44_3_10.jpg,86_44_3/y/faker_2837_44_3_10.png
1710,86,44,86_44_3/x/faker_2840_44_3_11.jpg,86_44_3/y/faker_2840_44_3_11.png
1711,86,44,86_44_3/x/faker_2842_44_3_12.jpg,86_44_3/y/faker_2842_44_3_12.png
1712,86,44,86_44_3/x/faker_2843_44_3_13.jpg,86_44_3/y/faker_2843_44_3_13.png
1713,86,44,86_44_3/x/faker_2844_44_3_14.jpg,86_44_3/y/faker_2844_44_3_14.png
1714,86,44,86_44_3/x/faker_2846_44_3_15.jpg,86_44_3/y/faker_2846_44_3_15.png
1715,86,44,86_44_3/x/faker_2847_44_3_16.jpg,86_44_3/y/faker_2847_44_3_16.png
1716,86,44,86_44_3/x/faker_2852_44_3_17.jpg,86_44_3/y/faker_2852_44_3_17.png
1717,86,44,86_44_3/x/faker_2858_44_3_18.jpg,86_44_3/y/faker_2858_44_3_18.png
1718,86,44,86_44_3/x/faker_2859_44_3_19.jpg,86_44_3/y/faker_2859_44_3_19.png
1719,86,44,86_44_3/x/faker_2860_44_3_20.jpg,86_44_3/y/faker_2860_44_3_20.png
1860,94,48,94_48_1/x/faker_3111_48_1_1.jpg,94_48_1/y/faker_3111_48_1_1.png
1861,94,48,94_48_1/x/faker_3112_48_1_2.jpg,94_48_1/y/faker_3112_48_1_2.png
1862,94,48,94_48_1/x/faker_3114_48_1_3.jpg,94_48_1/y/faker_3114_48_1_3.png
1863,94,48,94_48_1/x/faker_3115_48_1_4.jpg,94_48_1/y/faker_3115_48_1_4.png
1864,94,48,94_48_1/x/faker_3116_48_1_5.jpg,94_48_1/y/faker_3116_48_1_5.png
1865,94,48,94_48_1/x/faker_3118_48_1_6.jpg,94_48_1/y/faker_3118_48_1_6.png
1866,94,48,94_48_1/x/faker_3124_48_1_7.jpg,94_48_1/y/faker_3124_48_1_7.png
1867,94,48,94_48_1/x/faker_3127_48_1_8.jpg,94_48_1/y/faker_3127_48_1_8.png
1868,94,48,94_48_1/x/faker_3128_48_1_9.jpg,94_48_1/y/faker_3128_48_1_9.png
1869,94,48,94_48_1/x/faker_3130_48_1_10.jpg,94_48_1/y/faker_3130_48_1_10.png
1870,94,48,94_48_1/x/faker_3132_48_1_11.jpg,94_48_1/y/faker_3132_48_1_11.png
1871,94,48,94_48_1/x/faker_3141_48_1_12.jpg,94_48_1/y/faker_3141_48_1_12.png
1872,94,48,94_48_1/x/faker_3144_48_1_13.jpg,94_48_1/y/faker_3144_48_1_13.png
1873,94,48,94_48_1/x/faker_3145_48_1_14.jpg,94_48_1/y/faker_3145_48_1_14.png
1874,94,48,94_48_1/x/faker_3147_48_1_15.jpg,94_48_1/y/faker_3147_48_1_15.png
1875,94,48,94_48_1/x/faker_3149_48_1_16.jpg,94_48_1/y/faker_3149_48_1_16.png
1876,94,48,94_48_1/x/faker_3150_48_1_17.jpg,94_48_1/y/faker_3150_48_1_17.png
1877,94,48,94_48_1/x/faker_3151_48_1_18.jpg,94_48_1/y/faker_3151_48_1_18.png
1878,94,48,94_48_1/x/faker_3154_48_1_19.jpg,94_48_1/y/faker_3154_48_1_19.png
1879,94,48,94_48_1/x/faker_3156_48_1_20.jpg,94_48_1/y/faker_3156_48_1_20.png
1880,95,48,95_48_2/x/faker_3157_48_2_1.jpg,95_48_2/y/faker_3157_48_2_1.png
1881,95,48,95_48_2/x/faker_3159_48_2_2.jpg,95_48_2/y/faker_3159_48_2_2.png
1882,95,48,95_48_2/x/faker_3160_48_2_3.jpg,95_48_2/y/faker_3160_48_2_3.png
1883,95,48,95_48_2/x/faker_3161_48_2_4.jpg,95_48_2/y/faker_3161_48_2_4.png
1884,95,48,95_48_2/x/faker_3162_48_2_5.jpg,95_48_2/y/faker_3162_48_2_5.png
1885,95,48,95_48_2/x/faker_3167_48_2_6.jpg,95_48_2/y/faker_3167_48_2_6.png
1886,95,48,95_48_2/x/faker_3169_48_2_7.jpg,95_48_2/y/faker_3169_48_2_7.png
1887,95,48,95_48_2/x/faker_3170_48_2_8.jpg,95_48_2/y/faker_3170_48_2_8.png
1888,95,48,95_48_2/x/faker_3171_48_2_9.jpg,95_48_2/y/faker_3171_48_2_9.png
1889,95,48,95_48_2/x/faker_3173_48_2_10.jpg,95_48_2/y/faker_3173_48_2_10.png
1890,95,48,95_48_2/x/faker_3181_48_2_11.jpg,95_48_2/y/faker_3181_48_2_11.png
1891,95,48,95_48_2/x/faker_3184_48_2_12.jpg,95_48_2/y/faker_3184_48_2_12.png
1892,95,48,95_48_2/x/faker_3185_48_2_13.jpg,95_48_2/y/faker_3185_48_2_13.png
1893,95,48,95_48_2/x/faker_3186_48_2_14.jpg,95_48_2/y/faker_3186_48_2_14.png
1894,95,48,95_48_2/x/faker_3188_48_2_15.jpg,95_48_2/y/faker_3188_48_2_15.png
1895,95,48,95_48_2/x/faker_3195_48_2_16.jpg,95_48_2/y/faker_3195_48_2_16.png
1896,95,48,95_48_2/x/faker_3198_48_2_17.jpg,95_48_2/y/faker_3198_48_2_17.png
1897,95,48,95_48_2/x/faker_3200_48_2_18.jpg,95_48_2/y/faker_3200_48_2_18.png
1898,95,48,95_48_2/x/faker_3204_48_2_19.jpg,95_48_2/y/faker_3204_48_2_19.png
1899,95,48,95_48_2/x/faker_3209_48_2_20.jpg,95_48_2/y/faker_3209_48_2_20.png
1900,96,48,96_48_3/x/faker_3212_48_3_1.jpg,96_48_3/y/faker_3212_48_3_1.png
1901,96,48,96_48_3/x/faker_3213_48_3_2.jpg,96_48_3/y/faker_3213_48_3_2.png
1902,96,48,96_48_3/x/faker_3214_48_3_3.jpg,96_48_3/y/faker_3214_48_3_3.png
1903,96,48,96_48_3/x/faker_3216_48_3_4.jpg,96_48_3/y/faker_3216_48_3_4.png
1904,96,48,96_48_3/x/faker_3220_48_3_5.jpg,96_48_3/y/faker_3220_48_3_5.png
1905,96,48,96_48_3/x/faker_3221_48_3_6.jpg,96_48_3/y/faker_3221_48_3_6.png
1906,96,48,96_48_3/x/faker_3224_48_3_7.jpg,96_48_3/y/faker_3224_48_3_7.png
1907,96,48,96_48_3/x/faker_3225_48_3_8.jpg,96_48_3/y/faker_3225_48_3_8.png
1908,96,48,96_48_3/x/faker_3228_48_3_9.jpg,96_48_3/y/faker_3228_48_3_9.png
1909,96,48,96_48_3/x/faker_3230_48_3_10.jpg,96_48_3/y/faker_3230_48_3_10.png
1910,96,48,96_48_3/x/faker_3233_48_3_11.jpg,96_48_3/y/faker_3233_48_3_11.png
1911,96,48,96_48_3/x/faker_3235_48_3_12.jpg,96_48_3/y/faker_3235_48_3_12.png
1912,96,48,96_48_3/x/faker_3239_48_3_13.jpg,96_48_3/y/faker_3239_48_3_13.png
1913,96,48,96_48_3/x/faker_3240_48_3_14.jpg,96_48_3/y/faker_3240_48_3_14.png
1914,96,48,96_48_3/x/faker_3241_48_3_15.jpg,96_48_3/y/faker_3241_48_3_15.png
1915,96,48,96_48_3/x/faker_3242_48_3_16.jpg,96_48_3/y/faker_3242_48_3_16.png
1916,96,48,96_48_3/x/faker_3246_48_3_17.jpg,96_48_3/y/faker_3246_48_3_17.png
1917,96,48,96_48_3/x/faker_3250_48_3_18.jpg,96_48_3/y/faker_3250_48_3_18.png
1918,96,48,96_48_3/x/faker_3251_48_3_19.jpg,96_48_3/y/faker_3251_48_3_19.png
1919,96,48,96_48_3/x/faker_3252_48_3_20.jpg,96_48_3/y/faker_3252_48_3_20.png
1920,97,49,97_49_1/x/faker_3253_49_1_1.jpg,97_49_1/y/faker_3253_49_1_1.png
1921,97,49,97_49_1/x/faker_3255_49_1_2.jpg,97_49_1/y/faker_3255_49_1_2.png
1922,97,49,97_49_1/x/faker_3256_49_1_3.jpg,97_49_1/y/faker_3256_49_1_3.png
1923,97,49,97_49_1/x/faker_3257_49_1_4.jpg,97_49_1/y/faker_3257_49_1_4.png
1924,97,49,97_49_1/x/faker_3258_49_1_5.jpg,97_49_1/y/faker_3258_49_1_5.png
1925,97,49,97_49_1/x/faker_3262_49_1_6.jpg,97_49_1/y/faker_3262_49_1_6.png
1926,97,49,97_49_1/x/faker_3263_49_1_7.jpg,97_49_1/y/faker_3263_49_1_7.png
1927,97,49,97_49_1/x/faker_3264_49_1_8.jpg,97_49_1/y/faker_3264_49_1_8.png
1928,97,49,97_49_1/x/faker_3265_49_1_9.jpg,97_49_1/y/faker_3265_49_1_9.png
1929,97,49,97_49_1/x/faker_3266_49_1_10.jpg,97_49_1/y/faker_3266_49_1_10.png
1930,97,49,97_49_1/x/faker_3267_49_1_11.jpg,97_49_1/y/faker_3267_49_1_11.png
1931,97,49,97_49_1/x/faker_3268_49_1_12.jpg,97_49_1/y/faker_3268_49_1_12.png
1932,97,49,97_49_1/x/faker_3269_49_1_13.jpg,97_49_1/y/faker_3269_49_1_13.png
1933,97,49,97_49_1/x/faker_3270_49_1_14.jpg,97_49_1/y/faker_3270_49_1_14.png
1934,97,49,97_49_1/x/faker_3271_49_1_15.jpg,97_49_1/y/faker_3271_49_1_15.png
1935,97,49,97_49_1/x/faker_3272_49_1_16.jpg,97_49_1/y/faker_3272_49_1_16.png
1936,97,49,97_49_1/x/faker_3273_49_1_17.jpg,97_49_1/y/faker_3273_49_1_17.png
1937,97,49,97_49_1/x/faker_3274_49_1_18.jpg,97_49_1/y/faker_3274_49_1_18.png
1938,97,49,97_49_1/x/faker_3275_49_1_19.jpg,97_49_1/y/faker_3275_49_1_19.png
1939,97,49,97_49_1/x/faker_3276_49_1_20.jpg,97_49_1/y/faker_3276_49_1_20.png
1940,98,49,98_49_2/x/faker_3277_49_2_1.jpg,98_49_2/y/faker_3277_49_2_1.png
1941,98,49,98_49_2/x/faker_3279_49_2_2.jpg,98_49_2/y/faker_3279_49_2_2.png
1942,98,49,98_49_2/x/faker_3280_49_2_3.jpg,98_49_2/y/faker_3280_49_2_3.png
1943,98,49,98_49_2/x/faker_3281_49_2_4.jpg,98_49_2/y/faker_3281_49_2_4.png
1944,98,49,98_49_2/x/faker_3282_49_2_5.jpg,98_49_2/y/faker_3282_49_2_5.png
1945,98,49,98_49_2/x/faker_3283_49_2_6.jpg,98_49_2/y/faker_3283_49_2_6.png
1946,98,49,98_49_2/x/faker_3284_49_2_7.jpg,98_49_2/y/faker_3284_49_2_7.png
1947,98,49,98_49_2/x/faker_3285_49_2_8.jpg,98_49_2/y/faker_3285_49_2_8.png
1948,98,49,98_49_2/x/faker_3286_49_2_9.jpg,98_49_2/y/faker_3286_49_2_9.png
1949,98,49,98_49_2/x/faker_3287_49_2_10.jpg,98_49_2/y/faker_3287_49_2_10.png
1950,98,49,98_49_2/x/faker_3289_49_2_11.jpg,98_49_2/y/faker_3289_49_2_11.png
1951,98,49,98_49_2/x/faker_3290_49_2_12.jpg,98_49_2/y/faker_3290_49_2_12.png
1952,98,49,98_49_2/x/faker_3291_49_2_13.jpg,98_49_2/y/faker_3291_49_2_13.png
1953,98,49,98_49_2/x/faker_3292_49_2_14.jpg,98_49_2/y/faker_3292_49_2_14.png
1954,98,49,98_49_2/x/faker_3294_49_2_15.jpg,98_49_2/y/faker_3294_49_2_15.png
1955,98,49,98_49_2/x/faker_3295_49_2_16.jpg,98_49_2/y/faker_3295_49_2_16.png
1956,98,49,98_49_2/x/faker_3296_49_2_17.jpg,98_49_2/y/faker_3296_49_2_17.png
1957,98,49,98_49_2/x/faker_3297_49_2_18.jpg,98_49_2/y/faker_3297_49_2_18.png
1958,98,49,98_49_2/x/faker_3298_49_2_19.jpg,98_49_2/y/faker_3298_49_2_19.png
1959,98,49,98_49_2/x/faker_3299_49_2_20.jpg,98_49_2/y/faker_3299_49_2_20.png
1960,99,50,99_50_1/x/faker_3300_50_1_1.jpg,99_50_1/y/faker_3300_50_1_1.png
1961,99,50,99_50_1/x/faker_3301_50_1_2.jpg,99_50_1/y/faker_3301_50_1_2.png
1962,99,50,99_50_1/x/faker_3303_50_1_3.jpg,99_50_1/y/faker_3303_50_1_3.png
1963,99,50,99_50_1/x/faker_3304_50_1_4.jpg,99_50_1/y/faker_3304_50_1_4.png
1964,99,50,99_50_1/x/faker_3307_50_1_5.jpg,99_50_1/y/faker_3307_50_1_5.png
1965,99,50,99_50_1/x/faker_3308_50_1_6.jpg,99_50_1/y/faker_3308_50_1_6.png
1966,99,50,99_50_1/x/faker_3309_50_1_7.jpg,99_50_1/y/faker_3309_50_1_7.png
1967,99,50,99_50_1/x/faker_3310_50_1_8.jpg,99_50_1/y/faker_3310_50_1_8.png
1968,99,50,99_50_1/x/faker_3311_50_1_9.jpg,99_50_1/y/faker_3311_50_1_9.png
1969,99,50,99_50_1/x/faker_3312_50_1_10.jpg,99_50_1/y/faker_3312_50_1_10.png
1970,99,50,99_50_1/x/faker_3314_50_1_11.jpg,99_50_1/y/faker_3314_50_1_11.png
1971,99,50,99_50_1/x/faker_3315_50_1_12.jpg,99_50_1/y/faker_3315_50_1_12.png
1972,99,50,99_50_1/x/faker_3316_50_1_13.jpg,99_50_1/y/faker_3316_50_1_13.png
1973,99,50,99_50_1/x/faker_3317_50_1_14.jpg,99_50_1/y/faker_3317_50_1_14.png
1974,99,50,99_50_1/x/faker_3318_50_1_15.jpg,99_50_1/y/faker_3318_50_1_15.png
1975,99,50,99_50_1/x/faker_3322_50_1_16.jpg,99_50_1/y/faker_3322_50_1_16.png
1976,99,50,99_50_1/x/faker_3324_50_1_17.jpg,99_50_1/y/faker_3324_50_1_17.png
1977,99,50,99_50_1/x/faker_3325_50_1_18.jpg,99_50_1/y/faker_3325_50_1_18.png
1978,99,50,99_50_1/x/faker_3326_50_1_19.jpg,99_50_1/y/faker_3326_50_1_19.png
1979,99,50,99_50_1/x/faker_3327_50_1_20.jpg,99_50_1/y/faker_3327_50_1_20.png
1980,100,50,100_50_2/x/faker_3328_50_2_1.jpg,100_50_2/y/faker_3328_50_2_1.png
1981,100,50,100_50_2/x/faker_3329_50_2_2.jpg,100_50_2/y/faker_3329_50_2_2.png
1982,100,50,100_50_2/x/faker_3330_50_2_3.jpg,100_50_2/y/faker_3330_50_2_3.png
1983,100,50,100_50_2/x/faker_3331_50_2_4.jpg,100_50_2/y/faker_3331_50_2_4.png
1984,100,50,100_50_2/x/faker_3332_50_2_5.jpg,100_50_2/y/faker_3332_50_2_5.png
1985,100,50,100_50_2/x/faker_3334_50_2_6.jpg,100_50_2/y/faker_3334_50_2_6.png
1986,100,50,100_50_2/x/faker_3335_50_2_7.jpg,100_50_2/y/faker_3335_50_2_7.png
1987,100,50,100_50_2/x/faker_3336_50_2_8.jpg,100_50_2/y/faker_3336_50_2_8.png
1988,100,50,100_50_2/x/faker_3338_50_2_9.jpg,100_50_2/y/faker_3338_50_2_9.png
1989,100,50,100_50_2/x/faker_3340_50_2_10.jpg,100_50_2/y/faker_3340_50_2_10.png
1990,100,50,100_50_2/x/faker_3343_50_2_11.jpg,100_50_2/y/faker_3343_50_2_11.png
1991,100,50,100_50_2/x/faker_3346_50_2_12.jpg,100_50_2/y/faker_3346_50_2_12.png
1992,100,50,100_50_2/x/faker_3347_50_2_13.jpg,100_50_2/y/faker_3347_50_2_13.png
1993,100,50,100_50_2/x/faker_3349_50_2_14.jpg,100_50_2/y/faker_3349_50_2_14.png
1994,100,50,100_50_2/x/faker_3350_50_2_15.jpg,100_50_2/y/faker_3350_50_2_15.png
1995,100,50,100_50_2/x/faker_3351_50_2_16.jpg,100_50_2/y/faker_3351_50_2_16.png
1996,100,50,100_50_2/x/faker_3353_50_2_17.jpg,100_50_2/y/faker_3353_50_2_17.png
1997,100,50,100_50_2/x/faker_3356_50_2_18.jpg,100_50_2/y/faker_3356_50_2_18.png
1998,100,50,100_50_2/x/faker_3357_50_2_19.jpg,100_50_2/y/faker_3357_50_2_19.png
1999,100,50,100_50_2/x/faker_3358_50_2_20.jpg,100_50_2/y/faker_3358_50_2_20.png
2000,101,50,101_50_3/x/faker_3359_50_3_1.jpg,101_50_3/y/faker_3359_50_3_1.png
2001,101,50,101_50_3/x/faker_3360_50_3_2.jpg,101_50_3/y/faker_3360_50_3_2.png
2002,101,50,101_50_3/x/faker_3361_50_3_3.jpg,101_50_3/y/faker_3361_50_3_3.png
2003,101,50,101_50_3/x/faker_3362_50_3_4.jpg,101_50_3/y/faker_3362_50_3_4.png
2004,101,50,101_50_3/x/faker_3364_50_3_5.jpg,101_50_3/y/faker_3364_50_3_5.png
2005,101,50,101_50_3/x/faker_3366_50_3_6.jpg,101_50_3/y/faker_3366_50_3_6.png
2006,101,50,101_50_3/x/faker_3367_50_3_7.jpg,101_50_3/y/faker_3367_50_3_7.png
2007,101,50,101_50_3/x/faker_3368_50_3_8.jpg,101_50_3/y/faker_3368_50_3_8.png
2008,101,50,101_50_3/x/faker_3369_50_3_9.jpg,101_50_3/y/faker_3369_50_3_9.png
2009,101,50,101_50_3/x/faker_3370_50_3_10.jpg,101_50_3/y/faker_3370_50_3_10.png
2010,101,50,101_50_3/x/faker_3372_50_3_11.jpg,101_50_3/y/faker_3372_50_3_11.png
2011,101,50,101_50_3/x/faker_3373_50_3_12.jpg,101_50_3/y/faker_3373_50_3_12.png
2012,101,50,101_50_3/x/faker_3374_50_3_13.jpg,101_50_3/y/faker_3374_50_3_13.png
2013,101,50,101_50_3/x/faker_3377_50_3_14.jpg,101_50_3/y/faker_3377_50_3_14.png
2014,101,50,101_50_3/x/faker_3378_50_3_15.jpg,101_50_3/y/faker_3378_50_3_15.png
2015,101,50,101_50_3/x/faker_3379_50_3_16.jpg,101_50_3/y/faker_3379_50_3_16.png
2016,101,50,101_50_3/x/faker_3380_50_3_17.jpg,101_50_3/y/faker_3380_50_3_17.png
2017,101,50,101_50_3/x/faker_3382_50_3_18.jpg,101_50_3/y/faker_3382_50_3_18.png
2018,101,50,101_50_3/x/faker_3383_50_3_19.jpg,101_50_3/y/faker_3383_50_3_19.png
2019,101,50,101_50_3/x/faker_3387_50_3_20.jpg,101_50_3/y/faker_3387_50_3_20.png
2020,102,51,102_51_1/x/faker_3389_51_1_1.jpg,102_51_1/y/faker_3389_51_1_1.png
2021,102,51,102_51_1/x/faker_3390_51_1_2.jpg,102_51_1/y/faker_3390_51_1_2.png
2022,102,51,102_51_1/x/faker_3391_51_1_3.jpg,102_51_1/y/faker_3391_51_1_3.png
2023,102,51,102_51_1/x/faker_3392_51_1_4.jpg,102_51_1/y/faker_3392_51_1_4.png
2024,102,51,102_51_1/x/faker_3393_51_1_5.jpg,102_51_1/y/faker_3393_51_1_5.png
2025,102,51,102_51_1/x/faker_3395_51_1_6.jpg,102_51_1/y/faker_3395_51_1_6.png
2026,102,51,102_51_1/x/faker_3396_51_1_7.jpg,102_51_1/y/faker_3396_51_1_7.png
2027,102,51,102_51_1/x/faker_3397_51_1_8.jpg,102_51_1/y/faker_3397_51_1_8.png
2028,102,51,102_51_1/x/faker_3398_51_1_9.jpg,102_51_1/y/faker_3398_51_1_9.png
2029,102,51,102_51_1/x/faker_3399_51_1_10.jpg,102_51_1/y/faker_3399_51_1_10.png
2030,102,51,102_51_1/x/faker_3400_51_1_11.jpg,102_51_1/y/faker_3400_51_1_11.png
2031,102,51,102_51_1/x/faker_3402_51_1_12.jpg,102_51_1/y/faker_3402_51_1_12.png
2032,102,51,102_51_1/x/faker_3403_51_1_13.jpg,102_51_1/y/faker_3403_51_1_13.png
2033,102,51,102_51_1/x/faker_3404_51_1_14.jpg,102_51_1/y/faker_3404_51_1_14.png
2034,102,51,102_51_1/x/faker_3405_51_1_15.jpg,102_51_1/y/faker_3405_51_1_15.png
2035,102,51,102_51_1/x/faker_3406_51_1_16.jpg,102_51_1/y/faker_3406_51_1_16.png
2036,102,51,102_51_1/x/faker_3407_51_1_17.jpg,102_51_1/y/faker_3407_51_1_17.png
2037,102,51,102_51_1/x/faker_3408_51_1_18.jpg,102_51_1/y/faker_3408_51_1_18.png
2038,102,51,102_51_1/x/faker_3409_51_1_19.jpg,102_51_1/y/faker_3409_51_1_19.png
2039,102,51,102_51_1/x/faker_3410_51_1_20.jpg,102_51_1/y/faker_3410_51_1_20.png
2040,103,51,103_51_2/x/faker_3411_51_2_1.jpg,103_51_2/y/faker_3411_51_2_1.png
2041,103,51,103_51_2/x/faker_3412_51_2_2.jpg,103_51_2/y/faker_3412_51_2_2.png
2042,103,51,103_51_2/x/faker_3413_51_2_3.jpg,103_51_2/y/faker_3413_51_2_3.png
2043,103,51,103_51_2/x/faker_3416_51_2_4.jpg,103_51_2/y/faker_3416_51_2_4.png
2044,103,51,103_51_2/x/faker_3417_51_2_5.jpg,103_51_2/y/faker_3417_51_2_5.png
2045,103,51,103_51_2/x/faker_3418_51_2_6.jpg,103_51_2/y/faker_3418_51_2_6.png
2046,103,51,103_51_2/x/faker_3419_51_2_7.jpg,103_51_2/y/faker_3419_51_2_7.png
2047,103,51,103_51_2/x/faker_3421_51_2_8.jpg,103_51_2/y/faker_3421_51_2_8.png
2048,103,51,103_51_2/x/faker_3422_51_2_9.jpg,103_51_2/y/faker_3422_51_2_9.png
2049,103,51,103_51_2/x/faker_3423_51_2_10.jpg,103_51_2/y/faker_3423_51_2_10.png
2050,103,51,103_51_2/x/faker_3424_51_2_11.jpg,103_51_2/y/faker_3424_51_2_11.png
2051,103,51,103_51_2/x/faker_3425_51_2_12.jpg,103_51_2/y/faker_3425_51_2_12.png
2052,103,51,103_51_2/x/faker_3427_51_2_13.jpg,103_51_2/y/faker_3427_51_2_13.png
2053,103,51,103_51_2/x/faker_3429_51_2_14.jpg,103_51_2/y/faker_3429_51_2_14.png
2054,103,51,103_51_2/x/faker_3430_51_2_15.jpg,103_51_2/y/faker_3430_51_2_15.png
2055,103,51,103_51_2/x/faker_3431_51_2_16.jpg,103_51_2/y/faker_3431_51_2_16.png
2056,103,51,103_51_2/x/faker_3432_51_2_17.jpg,103_51_2/y/faker_3432_51_2_17.png
2057,103,51,103_51_2/x/faker_3433_51_2_18.jpg,103_51_2/y/faker_3433_51_2_18.png
2058,103,51,103_51_2/x/faker_3434_51_2_19.jpg,103_51_2/y/faker_3434_51_2_19.png
2059,103,51,103_51_2/x/faker_3435_51_2_20.jpg,103_51_2/y/faker_3435_51_2_20.png
2060,104,51,104_51_3/x/faker_3438_51_3_1.jpg,104_51_3/y/faker_3438_51_3_1.png
2061,104,51,104_51_3/x/faker_3439_51_3_2.jpg,104_51_3/y/faker_3439_51_3_2.png
2062,104,51,104_51_3/x/faker_3440_51_3_3.jpg,104_51_3/y/faker_3440_51_3_3.png
2063,104,51,104_51_3/x/faker_3441_51_3_4.jpg,104_51_3/y/faker_3441_51_3_4.png
2064,104,51,104_51_3/x/faker_3442_51_3_5.jpg,104_51_3/y/faker_3442_51_3_5.png
2065,104,51,104_51_3/x/faker_3443_51_3_6.jpg,104_51_3/y/faker_3443_51_3_6.png
2066,104,51,104_51_3/x/faker_3444_51_3_7.jpg,104_51_3/y/faker_3444_51_3_7.png
2067,104,51,104_51_3/x/faker_3445_51_3_8.jpg,104_51_3/y/faker_3445_51_3_8.png
2068,104,51,104_51_3/x/faker_3446_51_3_9.jpg,104_51_3/y/faker_3446_51_3_9.png
2069,104,51,104_51_3/x/faker_3449_51_3_10.jpg,104_51_3/y/faker_3449_51_3_10.png
2070,104,51,104_51_3/x/faker_3450_51_3_11.jpg,104_51_3/y/faker_3450_51_3_11.png
2071,104,51,104_51_3/x/faker_3451_51_3_12.jpg,104_51_3/y/faker_3451_51_3_12.png
2072,104,51,104_51_3/x/faker_3453_51_3_13.jpg,104_51_3/y/faker_3453_51_3_13.png
2073,104,51,104_51_3/x/faker_3455_51_3_14.jpg,104_51_3/y/faker_3455_51_3_14.png
2074,104,51,104_51_3/x/faker_3456_51_3_15.jpg,104_51_3/y/faker_3456_51_3_15.png
2075,104,51,104_51_3/x/faker_3458_51_3_16.jpg,104_51_3/y/faker_3458_51_3_16.png
2076,104,51,104_51_3/x/faker_3459_51_3_17.jpg,104_51_3/y/faker_3459_51_3_17.png
2077,104,51,104_51_3/x/faker_3460_51_3_18.jpg,104_51_3/y/faker_3460_51_3_18.png
2078,104,51,104_51_3/x/faker_3461_51_3_19.jpg,104_51_3/y/faker_3461_51_3_19.png
2079,104,51,104_51_3/x/faker_3462_51_3_20.jpg,104_51_3/y/faker_3462_51_3_20.png
2140,108,53,108_53_1/x/faker_3530_53_1_1.jpg,108_53_1/y/faker_3530_53_1_1.png
2141,108,53,108_53_1/x/faker_3533_53_1_2.jpg,108_53_1/y/faker_3533_53_1_2.png
2142,108,53,108_53_1/x/faker_3535_53_1_3.jpg,108_53_1/y/faker_3535_53_1_3.png
2143,108,53,108_53_1/x/faker_3536_53_1_4.jpg,108_53_1/y/faker_3536_53_1_4.png
2144,108,53,108_53_1/x/faker_3537_53_1_5.jpg,108_53_1/y/faker_3537_53_1_5.png
2145,108,53,108_53_1/x/faker_3539_53_1_6.jpg,108_53_1/y/faker_3539_53_1_6.png
2146,108,53,108_53_1/x/faker_3541_53_1_7.jpg,108_53_1/y/faker_3541_53_1_7.png
2147,108,53,108_53_1/x/faker_3542_53_1_8.jpg,108_53_1/y/faker_3542_53_1_8.png
2148,108,53,108_53_1/x/faker_3543_53_1_9.jpg,108_53_1/y/faker_3543_53_1_9.png
2149,108,53,108_53_1/x/faker_3544_53_1_10.jpg,108_53_1/y/faker_3544_53_1_10.png
2150,108,53,108_53_1/x/faker_3546_53_1_11.jpg,108_53_1/y/faker_3546_53_1_11.png
2151,108,53,108_53_1/x/faker_3547_53_1_12.jpg,108_53_1/y/faker_3547_53_1_12.png
2152,108,53,108_53_1/x/faker_3548_53_1_13.jpg,108_53_1/y/faker_3548_53_1_13.png
2153,108,53,108_53_1/x/faker_3549_53_1_14.jpg,108_53_1/y/faker_3549_53_1_14.png
2154,108,53,108_53_1/x/faker_3551_53_1_15.jpg,108_53_1/y/faker_3551_53_1_15.png
2155,108,53,108_53_1/x/faker_3552_53_1_16.jpg,108_53_1/y/faker_3552_53_1_16.png
2156,108,53,108_53_1/x/faker_3553_53_1_17.jpg,108_53_1/y/faker_3553_53_1_17.png
2157,108,53,108_53_1/x/faker_3554_53_1_18.jpg,108_53_1/y/faker_3554_53_1_18.png
2158,108,53,108_53_1/x/faker_3556_53_1_19.jpg,108_53_1/y/faker_3556_53_1_19.png
2159,108,53,108_53_1/x/faker_3557_53_1_20.jpg,108_53_1/y/faker_3557_53_1_20.png
2160,109,53,109_53_2/x/faker_3558_53_2_1.jpg,109_53_2/y/faker_3558_53_2_1.png
2161,109,53,109_53_2/x/faker_3559_53_2_2.jpg,109_53_2/y/faker_3559_53_2_2.png
2162,109,53,109_53_2/x/faker_3560_53_2_3.jpg,109_53_2/y/faker_3560_53_2_3.png
2163,109,53,109_53_2/x/faker_3561_53_2_4.jpg,109_53_2/y/faker_3561_53_2_4.png
2164,109,53,109_53_2/x/faker_3562_53_2_5.jpg,109_53_2/y/faker_3562_53_2_5.png
2165,109,53,109_53_2/x/faker_3563_53_2_6.jpg,109_53_2/y/faker_3563_53_2_6.png
2166,109,53,109_53_2/x/faker_3564_53_2_7.jpg,109_53_2/y/faker_3564_53_2_7.png
2167,109,53,109_53_2/x/faker_3565_53_2_8.jpg,109_53_2/y/faker_3565_53_2_8.png
2168,109,53,109_53_2/x/faker_3566_53_2_9.jpg,109_53_2/y/faker_3566_53_2_9.png
2169,109,53,109_53_2/x/faker_3567_53_2_10.jpg,109_53_2/y/faker_3567_53_2_10.png
2170,109,53,109_53_2/x/faker_3568_53_2_11.jpg,109_53_2/y/faker_3568_53_2_11.png
2171,109,53,109_53_2/x/faker_3569_53_2_12.jpg,109_53_2/y/faker_3569_53_2_12.png
2172,109,53,109_53_2/x/faker_3570_53_2_13.jpg,109_53_2/y/faker_3570_53_2_13.png
2173,109,53,109_53_2/x/faker_3571_53_2_14.jpg,109_53_2/y/faker_3571_53_2_14.png
2174,109,53,109_53_2/x/faker_3572_53_2_15.jpg,109_53_2/y/faker_3572_53_2_15.png
2175,109,53,109_53_2/x/faker_3573_53_2_16.jpg,109_53_2/y/faker_3573_53_2_16.png
2176,109,53,109_53_2/x/faker_3574_53_2_17.jpg,109_53_2/y/faker_3574_53_2_17.png
2177,109,53,109_53_2/x/faker_3575_53_2_18.jpg,109_53_2/y/faker_3575_53_2_18.png
2178,109,53,109_53_2/x/faker_3577_53_2_19.jpg,109_53_2/y/faker_3577_53_2_19.png
2179,109,53,109_53_2/x/faker_3578_53_2_20.jpg,109_53_2/y/faker_3578_53_2_20.png
2180,110,54,110_54_1/x/faker_3580_54_1_1.jpg,110_54_1/y/faker_3580_54_1_1.png
2181,110,54,110_54_1/x/faker_3581_54_1_2.jpg,110_54_1/y/faker_3581_54_1_2.png
2182,110,54,110_54_1/x/faker_3582_54_1_3.jpg,110_54_1/y/faker_3582_54_1_3.png
2183,110,54,110_54_1/x/faker_3584_54_1_4.jpg,110_54_1/y/faker_3584_54_1_4.png
2184,110,54,110_54_1/x/faker_3585_54_1_5.jpg,110_54_1/y/faker_3585_54_1_5.png
2185,110,54,110_54_1/x/faker_3588_54_1_6.jpg,110_54_1/y/faker_3588_54_1_6.png
2186,110,54,110_54_1/x/faker_3589_54_1_7.jpg,110_54_1/y/faker_3589_54_1_7.png
2187,110,54,110_54_1/x/faker_3591_54_1_8.jpg,110_54_1/y/faker_3591_54_1_8.png
2188,110,54,110_54_1/x/faker_3592_54_1_9.jpg,110_54_1/y/faker_3592_54_1_9.png
2189,110,54,110_54_1/x/faker_3593_54_1_10.jpg,110_54_1/y/faker_3593_54_1_10.png
2190,110,54,110_54_1/x/faker_3594_54_1_11.jpg,110_54_1/y/faker_3594_54_1_11.png
2191,110,54,110_54_1/x/faker_3595_54_1_12.jpg,110_54_1/y/faker_3595_54_1_12.png
2192,110,54,110_54_1/x/faker_3596_54_1_13.jpg,110_54_1/y/faker_3596_54_1_13.png
2193,110,54,110_54_1/x/faker_3599_54_1_14.jpg,110_54_1/y/faker_3599_54_1_14.png
2194,110,54,110_54_1/x/faker_3600_54_1_15.jpg,110_54_1/y/faker_3600_54_1_15.png
2195,110,54,110_54_1/x/faker_3602_54_1_16.jpg,110_54_1/y/faker_3602_54_1_16.png
2196,110,54,110_54_1/x/faker_3603_54_1_17.jpg,110_54_1/y/faker_3603_54_1_17.png
2197,110,54,110_54_1/x/faker_3606_54_1_18.jpg,110_54_1/y/faker_3606_54_1_18.png
2198,110,54,110_54_1/x/faker_3607_54_1_19.jpg,110_54_1/y/faker_3607_54_1_19.png
2199,110,54,110_54_1/x/faker_3608_54_1_20.jpg,110_54_1/y/faker_3608_54_1_20.png
2200,111,54,111_54_2/x/faker_3609_54_2_1.jpg,111_54_2/y/faker_3609_54_2_1.png
2201,111,54,111_54_2/x/faker_3610_54_2_2.jpg,111_54_2/y/faker_3610_54_2_2.png
2202,111,54,111_54_2/x/faker_3611_54_2_3.jpg,111_54_2/y/faker_3611_54_2_3.png
2203,111,54,111_54_2/x/faker_3612_54_2_4.jpg,111_54_2/y/faker_3612_54_2_4.png
2204,111,54,111_54_2/x/faker_3613_54_2_5.jpg,111_54_2/y/faker_3613_54_2_5.png
2205,111,54,111_54_2/x/faker_3614_54_2_6.jpg,111_54_2/y/faker_3614_54_2_6.png
2206,111,54,111_54_2/x/faker_3615_54_2_7.jpg,111_54_2/y/faker_3615_54_2_7.png
2207,111,54,111_54_2/x/faker_3616_54_2_8.jpg,111_54_2/y/faker_3616_54_2_8.png
2208,111,54,111_54_2/x/faker_3618_54_2_9.jpg,111_54_2/y/faker_3618_54_2_9.png
2209,111,54,111_54_2/x/faker_3619_54_2_10.jpg,111_54_2/y/faker_3619_54_2_10.png
2210,111,54,111_54_2/x/faker_3620_54_2_11.jpg,111_54_2/y/faker_3620_54_2_11.png
2211,111,54,111_54_2/x/faker_3621_54_2_12.jpg,111_54_2/y/faker_3621_54_2_12.png
2212,111,54,111_54_2/x/faker_3622_54_2_13.jpg,111_54_2/y/faker_3622_54_2_13.png
2213,111,54,111_54_2/x/faker_3623_54_2_14.jpg,111_54_2/y/faker_3623_54_2_14.png
2214,111,54,111_54_2/x/faker_3626_54_2_15.jpg,111_54_2/y/faker_3626_54_2_15.png
2215,111,54,111_54_2/x/faker_3627_54_2_16.jpg,111_54_2/y/faker_3627_54_2_16.png
2216,111,54,111_54_2/x/faker_3628_54_2_17.jpg,111_54_2/y/faker_3628_54_2_17.png
2217,111,54,111_54_2/x/faker_3629_54_2_18.jpg,111_54_2/y/faker_3629_54_2_18.png
2218,111,54,111_54_2/x/faker_3630_54_2_19.jpg,111_54_2/y/faker_3630_54_2_19.png
2219,111,54,111_54_2/x/faker_3631_54_2_20.jpg,111_54_2/y/faker_3631_54_2_20.png
2300,116,58,116_58_1/x/faker_3722_58_1_1.jpg,116_58_1/y/faker_3722_58_1_1.png
2301,116,58,116_58_1/x/faker_3723_58_1_2.jpg,116_58_1/y/faker_3723_58_1_2.png
2302,116,58,116_58_1/x/faker_3724_58_1_3.jpg,116_58_1/y/faker_3724_58_1_3.png
2303,116,58,116_58_1/x/faker_3725_58_1_4.jpg,116_58_1/y/faker_3725_58_1_4.png
2304,116,58,116_58_1/x/faker_3726_58_1_5.jpg,116_58_1/y/faker_3726_58_1_5.png
2305,116,58,116_58_1/x/faker_3728_58_1_6.jpg,116_58_1/y/faker_3728_58_1_6.png
2306,116,58,116_58_1/x/faker_3729_58_1_7.jpg,116_58_1/y/faker_3729_58_1_7.png
2307,116,58,116_58_1/x/faker_3730_58_1_8.jpg,116_58_1/y/faker_3730_58_1_8.png
2308,116,58,116_58_1/x/faker_3731_58_1_9.jpg,116_58_1/y/faker_3731_58_1_9.png
2309,116,58,116_58_1/x/faker_3733_58_1_10.jpg,116_58_1/y/faker_3733_58_1_10.png
2310,116,58,116_58_1/x/faker_3734_58_1_11.jpg,116_58_1/y/faker_3734_58_1_11.png
2311,116,58,116_58_1/x/faker_3735_58_1_12.jpg,116_58_1/y/faker_3735_58_1_12.png
2312,116,58,116_58_1/x/faker_3736_58_1_13.jpg,116_58_1/y/faker_3736_58_1_13.png
2313,116,58,116_58_1/x/faker_3738_58_1_14.jpg,116_58_1/y/faker_3738_58_1_14.png
2314,116,58,116_58_1/x/faker_3740_58_1_15.jpg,116_58_1/y/faker_3740_58_1_15.png
2315,116,58,116_58_1/x/faker_3741_58_1_16.jpg,116_58_1/y/faker_3741_58_1_16.png
2316,116,58,116_58_1/x/faker_3742_58_1_17.jpg,116_58_1/y/faker_3742_58_1_17.png
2317,116,58,116_58_1/x/faker_3743_58_1_18.jpg,116_58_1/y/faker_3743_58_1_18.png
2318,116,58,116_58_1/x/faker_3744_58_1_19.jpg,116_58_1/y/faker_3744_58_1_19.png
2319,116,58,116_58_1/x/faker_3745_58_1_20.jpg,116_58_1/y/faker_3745_58_1_20.png
2320,117,58,117_58_2/x/faker_3746_58_2_1.jpg,117_58_2/y/faker_3746_58_2_1.png
2321,117,58,117_58_2/x/faker_3748_58_2_2.jpg,117_58_2/y/faker_3748_58_2_2.png
2322,117,58,117_58_2/x/faker_3749_58_2_3.jpg,117_58_2/y/faker_3749_58_2_3.png
2323,117,58,117_58_2/x/faker_3750_58_2_4.jpg,117_58_2/y/faker_3750_58_2_4.png
2324,117,58,117_58_2/x/faker_3752_58_2_5.jpg,117_58_2/y/faker_3752_58_2_5.png
2325,117,58,117_58_2/x/faker_3753_58_2_6.jpg,117_58_2/y/faker_3753_58_2_6.png
2326,117,58,117_58_2/x/faker_3754_58_2_7.jpg,117_58_2/y/faker_3754_58_2_7.png
2327,117,58,117_58_2/x/faker_3755_58_2_8.jpg,117_58_2/y/faker_3755_58_2_8.png
2328,117,58,117_58_2/x/faker_3756_58_2_9.jpg,117_58_2/y/faker_3756_58_2_9.png
2329,117,58,117_58_2/x/faker_3757_58_2_10.jpg,117_58_2/y/faker_3757_58_2_10.png
2330,117,58,117_58_2/x/faker_3758_58_2_11.jpg,117_58_2/y/faker_3758_58_2_11.png
2331,117,58,117_58_2/x/faker_3759_58_2_12.jpg,117_58_2/y/faker_3759_58_2_12.png
2332,117,58,117_58_2/x/faker_3760_58_2_13.jpg,117_58_2/y/faker_3760_58_2_13.png
2333,117,58,117_58_2/x/faker_3761_58_2_14.jpg,117_58_2/y/faker_3761_58_2_14.png
2334,117,58,117_58_2/x/faker_3762_58_2_15.jpg,117_58_2/y/faker_3762_58_2_15.png
2335,117,58,117_58_2/x/faker_3763_58_2_16.jpg,117_58_2/y/faker_3763_58_2_16.png
2336,117,58,117_58_2/x/faker_3764_58_2_17.jpg,117_58_2/y/faker_3764_58_2_17.png
2337,117,58,117_58_2/x/faker_3765_58_2_18.jpg,117_58_2/y/faker_3765_58_2_18.png
2338,117,58,117_58_2/x/faker_3766_58_2_19.jpg,117_58_2/y/faker_3766_58_2_19.png
2339,117,58,117_58_2/x/faker_3767_58_2_20.jpg,117_58_2/y/faker_3767_58_2_20.png
2340,118,59,118_59_1/x/faker_3768_59_1_1.jpg,118_59_1/y/faker_3768_59_1_1.png
2341,118,59,118_59_1/x/faker_3769_59_1_2.jpg,118_59_1/y/faker_3769_59_1_2.png
2342,118,59,118_59_1/x/faker_3770_59_1_3.jpg,118_59_1/y/faker_3770_59_1_3.png
2343,118,59,118_59_1/x/faker_3771_59_1_4.jpg,118_59_1/y/faker_3771_59_1_4.png
2344,118,59,118_59_1/x/faker_3772_59_1_5.jpg,118_59_1/y/faker_3772_59_1_5.png
2345,118,59,118_59_1/x/faker_3774_59_1_6.jpg,118_59_1/y/faker_3774_59_1_6.png
2346,118,59,118_59_1/x/faker_3775_59_1_7.jpg,118_59_1/y/faker_3775_59_1_7.png
2347,118,59,118_59_1/x/faker_3777_59_1_8.jpg,118_59_1/y/faker_3777_59_1_8.png
2348,118,59,118_59_1/x/faker_3778_59_1_9.jpg,118_59_1/y/faker_3778_59_1_9.png
2349,118,59,118_59_1/x/faker_3779_59_1_10.jpg,118_59_1/y/faker_3779_59_1_10.png
2350,118,59,118_59_1/x/faker_3780_59_1_11.jpg,118_59_1/y/faker_3780_59_1_11.png
2351,118,59,118_59_1/x/faker_3782_59_1_12.jpg,118_59_1/y/faker_3782_59_1_12.png
2352,118,59,118_59_1/x/faker_3783_59_1_13.jpg,118_59_1/y/faker_3783_59_1_13.png
2353,118,59,118_59_1/x/faker_3785_59_1_14.jpg,118_59_1/y/faker_3785_59_1_14.png
2354,118,59,118_59_1/x/faker_3786_59_1_15.jpg,118_59_1/y/faker_3786_59_1_15.png
2355,118,59,118_59_1/x/faker_3787_59_1_16.jpg,118_59_1/y/faker_3787_59_1_16.png
2356,118,59,118_59_1/x/faker_3788_59_1_17.jpg,118_59_1/y/faker_3788_59_1_17.png
2357,118,59,118_59_1/x/faker_3790_59_1_18.jpg,118_59_1/y/faker_3790_59_1_18.png
2358,118,59,118_59_1/x/faker_3793_59_1_19.jpg,118_59_1/y/faker_3793_59_1_19.png
2359,118,59,118_59_1/x/faker_3794_59_1_20.jpg,118_59_1/y/faker_3794_59_1_20.png
2360,119,59,119_59_2/x/faker_3795_59_2_1.jpg,119_59_2/y/faker_3795_59_2_1.png
2361,119,59,119_59_2/x/faker_3796_59_2_2.jpg,119_59_2/y/faker_3796_59_2_2.png
2362,119,59,119_59_2/x/faker_3797_59_2_3.jpg,119_59_2/y/faker_3797_59_2_3.png
2363,119,59,119_59_2/x/faker_3799_59_2_4.jpg,119_59_2/y/faker_3799_59_2_4.png
2364,119,59,119_59_2/x/faker_3800_59_2_5.jpg,119_59_2/y/faker_3800_59_2_5.png
2365,119,59,119_59_2/x/faker_3801_59_2_6.jpg,119_59_2/y/faker_3801_59_2_6.png
2366,119,59,119_59_2/x/faker_3803_59_2_7.jpg,119_59_2/y/faker_3803_59_2_7.png
2367,119,59,119_59_2/x/faker_3804_59_2_8.jpg,119_59_2/y/faker_3804_59_2_8.png
2368,119,59,119_59_2/x/faker_3805_59_2_9.jpg,119_59_2/y/faker_3805_59_2_9.png
2369,119,59,119_59_2/x/faker_3806_59_2_10.jpg,119_59_2/y/faker_3806_59_2_10.png
2370,119,59,119_59_2/x/faker_3807_59_2_11.jpg,119_59_2/y/faker_3807_59_2_11.png
2371,119,59,119_59_2/x/faker_3808_59_2_12.jpg,119_59_2/y/faker_3808_59_2_12.png
2372,119,59,119_59_2/x/faker_3810_59_2_13.jpg,119_59_2/y/faker_3810_59_2_13.png
2373,119,59,119_59_2/x/faker_3811_59_2_14.jpg,119_59_2/y/faker_3811_59_2_14.png
2374,119,59,119_59_2/x/faker_3812_59_2_15.jpg,119_59_2/y/faker_3812_59_2_15.png
2375,119,59,119_59_2/x/faker_3814_59_2_16.jpg,119_59_2/y/faker_3814_59_2_16.png
2376,119,59,119_59_2/x/faker_3815_59_2_17.jpg,119_59_2/y/faker_3815_59_2_17.png
2377,119,59,119_59_2/x/faker_3817_59_2_18.jpg,119_59_2/y/faker_3817_59_2_18.png
2378,119,59,119_59_2/x/faker_3818_59_2_19.jpg,119_59_2/y/faker_3818_59_2_19.png
2379,119,59,119_59_2/x/faker_3819_59_2_20.jpg,119_59_2/y/faker_3819_59_2_20.png
2380,120,59,120_59_3/x/faker_3821_59_3_1.jpg,120_59_3/y/faker_3821_59_3_1.png
2381,120,59,120_59_3/x/faker_3822_59_3_2.jpg,120_59_3/y/faker_3822_59_3_2.png
2382,120,59,120_59_3/x/faker_3823_59_3_3.jpg,120_59_3/y/faker_3823_59_3_3.png
2383,120,59,120_59_3/x/faker_3824_59_3_4.jpg,120_59_3/y/faker_3824_59_3_4.png
2384,120,59,120_59_3/x/faker_3825_59_3_5.jpg,120_59_3/y/faker_3825_59_3_5.png
2385,120,59,120_59_3/x/faker_3826_59_3_6.jpg,120_59_3/y/faker_3826_59_3_6.png
2386,120,59,120_59_3/x/faker_3827_59_3_7.jpg,120_59_3/y/faker_3827_59_3_7.png
2387,120,59,120_59_3/x/faker_3828_59_3_8.jpg,120_59_3/y/faker_3828_59_3_8.png
2388,120,59,120_59_3/x/faker_3829_59_3_9.jpg,120_59_3/y/faker_3829_59_3_9.png
2389,120,59,120_59_3/x/faker_3830_59_3_10.jpg,120_59_3/y/faker_3830_59_3_10.png
2390,120,59,120_59_3/x/faker_3831_59_3_11.jpg,120_59_3/y/faker_3831_59_3_11.png
2391,120,59,120_59_3/x/faker_3833_59_3_12.jpg,120_59_3/y/faker_3833_59_3_12.png
2392,120,59,120_59_3/x/faker_3834_59_3_13.jpg,120_59_3/y/faker_3834_59_3_13.png
2393,120,59,120_59_3/x/faker_3835_59_3_14.jpg,120_59_3/y/faker_3835_59_3_14.png
2394,120,59,120_59_3/x/faker_3836_59_3_15.jpg,120_59_3/y/faker_3836_59_3_15.png
2395,120,59,120_59_3/x/faker_3839_59_3_16.jpg,120_59_3/y/faker_3839_59_3_16.png
2396,120,59,120_59_3/x/faker_3841_59_3_17.jpg,120_59_3/y/faker_3841_59_3_17.png
2397,120,59,120_59_3/x/faker_3842_59_3_18.jpg,120_59_3/y/faker_3842_59_3_18.png
2398,120,59,120_59_3/x/faker_3843_59_3_19.jpg,120_59_3/y/faker_3843_59_3_19.png
2399,120,59,120_59_3/x/faker_3844_59_3_20.jpg,120_59_3/y/faker_3844_59_3_20.png
2400,121,60,121_60_1/x/faker_3850_60_1_1.jpg,121_60_1/y/faker_3850_60_1_1.png
2401,121,60,121_60_1/x/faker_3851_60_1_2.jpg,121_60_1/y/faker_3851_60_1_2.png
2402,121,60,121_60_1/x/faker_3853_60_1_3.jpg,121_60_1/y/faker_3853_60_1_3.png
2403,121,60,121_60_1/x/faker_3855_60_1_4.jpg,121_60_1/y/faker_3855_60_1_4.png
2404,121,60,121_60_1/x/faker_3856_60_1_5.jpg,121_60_1/y/faker_3856_60_1_5.png
2405,121,60,121_60_1/x/faker_3857_60_1_6.jpg,121_60_1/y/faker_3857_60_1_6.png
2406,121,60,121_60_1/x/faker_3859_60_1_7.jpg,121_60_1/y/faker_3859_60_1_7.png
2407,121,60,121_60_1/x/faker_3860_60_1_8.jpg,121_60_1/y/faker_3860_60_1_8.png
2408,121,60,121_60_1/x/faker_3861_60_1_9.jpg,121_60_1/y/faker_3861_60_1_9.png
2409,121,60,121_60_1/x/faker_3862_60_1_10.jpg,121_60_1/y/faker_3862_60_1_10.png
2410,121,60,121_60_1/x/faker_3864_60_1_11.jpg,121_60_1/y/faker_3864_60_1_11.png
2411,121,60,121_60_1/x/faker_3866_60_1_12.jpg,121_60_1/y/faker_3866_60_1_12.png
2412,121,60,121_60_1/x/faker_3867_60_1_13.jpg,121_60_1/y/faker_3867_60_1_13.png
2413,121,60,121_60_1/x/faker_3869_60_1_14.jpg,121_60_1/y/faker_3869_60_1_14.png
2414,121,60,121_60_1/x/faker_3870_60_1_15.jpg,121_60_1/y/faker_3870_60_1_15.png
2415,121,60,121_60_1/x/faker_3872_60_1_16.jpg,121_60_1/y/faker_3872_60_1_16.png
2416,121,60,121_60_1/x/faker_3875_60_1_17.jpg,121_60_1/y/faker_3875_60_1_17.png
2417,121,60,121_60_1/x/faker_3880_60_1_18.jpg,121_60_1/y/faker_3880_60_1_18.png
2418,121,60,121_60_1/x/faker_3881_60_1_19.jpg,121_60_1/y/faker_3881_60_1_19.png
2419,121,60,121_60_1/x/faker_3882_60_1_20.jpg,121_60_1/y/faker_3882_60_1_20.png
2420,122,60,122_60_2/x/faker_3883_60_2_1.jpg,122_60_2/y/faker_3883_60_2_1.png
2421,122,60,122_60_2/x/faker_3884_60_2_2.jpg,122_60_2/y/faker_3884_60_2_2.png
2422,122,60,122_60_2/x/faker_3885_60_2_3.jpg,122_60_2/y/faker_3885_60_2_3.png
2423,122,60,122_60_2/x/faker_3886_60_2_4.jpg,122_60_2/y/faker_3886_60_2_4.png
2424,122,60,122_60_2/x/faker_3888_60_2_5.jpg,122_60_2/y/faker_3888_60_2_5.png
2425,122,60,122_60_2/x/faker_3892_60_2_6.jpg,122_60_2/y/faker_3892_60_2_6.png
2426,122,60,122_60_2/x/faker_3893_60_2_7.jpg,122_60_2/y/faker_3893_60_2_7.png
2427,122,60,122_60_2/x/faker_3894_60_2_8.jpg,122_60_2/y/faker_3894_60_2_8.png
2428,122,60,122_60_2/x/faker_3896_60_2_9.jpg,122_60_2/y/faker_3896_60_2_9.png
2429,122,60,122_60_2/x/faker_3898_60_2_10.jpg,122_60_2/y/faker_3898_60_2_10.png
2430,122,60,122_60_2/x/faker_3899_60_2_11.jpg,122_60_2/y/faker_3899_60_2_11.png
2431,122,60,122_60_2/x/faker_3900_60_2_12.jpg,122_60_2/y/faker_3900_60_2_12.png
2432,122,60,122_60_2/x/faker_3901_60_2_13.jpg,122_60_2/y/faker_3901_60_2_13.png
2433,122,60,122_60_2/x/faker_3902_60_2_14.jpg,122_60_2/y/faker_3902_60_2_14.png
2434,122,60,122_60_2/x/faker_3908_60_2_15.jpg,122_60_2/y/faker_3908_60_2_15.png
2435,122,60,122_60_2/x/faker_3909_60_2_16.jpg,122_60_2/y/faker_3909_60_2_16.png
2436,122,60,122_60_2/x/faker_3910_60_2_17.jpg,122_60_2/y/faker_3910_60_2_17.png
2437,122,60,122_60_2/x/faker_3911_60_2_18.jpg,122_60_2/y/faker_3911_60_2_18.png
2438,122,60,122_60_2/x/faker_3912_60_2_19.jpg,122_60_2/y/faker_3912_60_2_19.png
2439,122,60,122_60_2/x/faker_3915_60_2_20.jpg,122_60_2/y/faker_3915_60_2_20.png
2440,123,60,123_60_3/x/faker_3917_60_3_1.jpg,123_60_3/y/faker_3917_60_3_1.png
2441,123,60,123_60_3/x/faker_3920_60_3_2.jpg,123_60_3/y/faker_3920_60_3_2.png
2442,123,60,123_60_3/x/faker_3923_60_3_3.jpg,123_60_3/y/faker_3923_60_3_3.png
2443,123,60,123_60_3/x/faker_3924_60_3_4.jpg,123_60_3/y/faker_3924_60_3_4.png
2444,123,60,123_60_3/x/faker_3925_60_3_5.jpg,123_60_3/y/faker_3925_60_3_5.png
2445,123,60,123_60_3/x/faker_3927_60_3_6.jpg,123_60_3/y/faker_3927_60_3_6.png
2446,123,60,123_60_3/x/faker_3928_60_3_7.jpg,123_60_3/y/faker_3928_60_3_7.png
2447,123,60,123_60_3/x/faker_3929_60_3_8.jpg,123_60_3/y/faker_3929_60_3_8.png
2448,123,60,123_60_3/x/faker_3930_60_3_9.jpg,123_60_3/y/faker_3930_60_3_9.png
2449,123,60,123_60_3/x/faker_3932_60_3_10.jpg,123_60_3/y/faker_3932_60_3_10.png
2450,123,60,123_60_3/x/faker_3935_60_3_11.jpg,123_60_3/y/faker_3935_60_3_11.png
2451,123,60,123_60_3/x/faker_3936_60_3_12.jpg,123_60_3/y/faker_3936_60_3_12.png
2452,123,60,123_60_3/x/faker_3937_60_3_13.jpg,123_60_3/y/faker_3937_60_3_13.png
2453,123,60,123_60_3/x/faker_3941_60_3_14.jpg,123_60_3/y/faker_3941_60_3_14.png
2454,123,60,123_60_3/x/faker_3942_60_3_15.jpg,123_60_3/y/faker_3942_60_3_15.png
2455,123,60,123_60_3/x/faker_3943_60_3_16.jpg,123_60_3/y/faker_3943_60_3_16.png
2456,123,60,123_60_3/x/faker_3945_60_3_17.jpg,123_60_3/y/faker_3945_60_3_17.png
2457,123,60,123_60_3/x/faker_3947_60_3_18.jpg,123_60_3/y/faker_3947_60_3_18.png
2458,123,60,123_60_3/x/faker_3952_60_3_19.jpg,123_60_3/y/faker_3952_60_3_19.png
2459,123,60,123_60_3/x/faker_3955_60_3_20.jpg,123_60_3/y/faker_3955_60_3_20.png
2460,124,61,124_61_1/x/faker_3960_61_1_1.jpg,124_61_1/y/faker_3960_61_1_1.png
2461,124,61,124_61_1/x/faker_3968_61_1_2.jpg,124_61_1/y/faker_3968_61_1_2.png
2462,124,61,124_61_1/x/faker_3975_61_1_3.jpg,124_61_1/y/faker_3975_61_1_3.png
2463,124,61,124_61_1/x/faker_3989_61_1_4.jpg,124_61_1/y/faker_3989_61_1_4.png
2464,124,61,124_61_1/x/faker_4022_61_1_5.jpg,124_61_1/y/faker_4022_61_1_5.png
2465,124,61,124_61_1/x/faker_4026_61_1_6.jpg,124_61_1/y/faker_4026_61_1_6.png
2466,124,61,124_61_1/x/faker_4030_61_1_7.jpg,124_61_1/y/faker_4030_61_1_7.png
2467,124,61,124_61_1/x/faker_4032_61_1_8.jpg,124_61_1/y/faker_4032_61_1_8.png
2468,124,61,124_61_1/x/faker_4035_61_1_9.jpg,124_61_1/y/faker_4035_61_1_9.png
2469,124,61,124_61_1/x/faker_4041_61_1_10.jpg,124_61_1/y/faker_4041_61_1_10.png
2470,124,61,124_61_1/x/faker_4060_61_1_11.jpg,124_61_1/y/faker_4060_61_1_11.png
2471,124,61,124_61_1/x/faker_4074_61_1_12.jpg,124_61_1/y/faker_4074_61_1_12.png
2472,124,61,124_61_1/x/faker_4076_61_1_13.jpg,124_61_1/y/faker_4076_61_1_13.png
2473,124,61,124_61_1/x/faker_4084_61_1_14.jpg,124_61_1/y/faker_4084_61_1_14.png
2474,124,61,124_61_1/x/faker_4096_61_1_15.jpg,124_61_1/y/faker_4096_61_1_15.png
2475,124,61,124_61_1/x/faker_4099_61_1_16.jpg,124_61_1/y/faker_4099_61_1_16.png
2476,124,61,124_61_1/x/faker_4114_61_1_17.jpg,124_61_1/y/faker_4114_61_1_17.png
2477,124,61,124_61_1/x/faker_4124_61_1_18.jpg,124_61_1/y/faker_4124_61_1_18.png
2478,124,61,124_61_1/x/faker_4125_61_1_19.jpg,124_61_1/y/faker_4125_61_1_19.png
2479,124,61,124_61_1/x/faker_4130_61_1_20.jpg,124_61_1/y/faker_4130_61_1_20.png
2480,125,61,125_61_2/x/faker_4132_61_2_1.jpg,125_61_2/y/faker_4132_61_2_1.png
2481,125,61,125_61_2/x/faker_4147_61_2_2.jpg,125_61_2/y/faker_4147_61_2_2.png
2482,125,61,125_61_2/x/faker_4165_61_2_3.jpg,125_61_2/y/faker_4165_61_2_3.png
2483,125,61,125_61_2/x/faker_4194_61_2_4.jpg,125_61_2/y/faker_4194_61_2_4.png
2484,125,61,125_61_2/x/faker_4220_61_2_5.jpg,125_61_2/y/faker_4220_61_2_5.png
2485,125,61,125_61_2/x/faker_4225_61_2_6.jpg,125_61_2/y/faker_4225_61_2_6.png
2486,125,61,125_61_2/x/faker_4239_61_2_7.jpg,125_61_2/y/faker_4239_61_2_7.png
2487,125,61,125_61_2/x/faker_4256_61_2_8.jpg,125_61_2/y/faker_4256_61_2_8.png
2488,125,61,125_61_2/x/faker_4267_61_2_9.jpg,125_61_2/y/faker_4267_61_2_9.png
2489,125,61,125_61_2/x/faker_4272_61_2_10.jpg,125_61_2/y/faker_4272_61_2_10.png
2490,125,61,125_61_2/x/faker_4276_61_2_11.jpg,125_61_2/y/faker_4276_61_2_11.png
2491,125,61,125_61_2/x/faker_4317_61_2_12.jpg,125_61_2/y/faker_4317_61_2_12.png
2492,125,61,125_61_2/x/faker_4321_61_2_13.jpg,125_61_2/y/faker_4321_61_2_13.png
2493,125,61,125_61_2/x/faker_4324_61_2_14.jpg,125_61_2/y/faker_4324_61_2_14.png
2494,125,61,125_61_2/x/faker_4340_61_2_15.jpg,125_61_2/y/faker_4340_61_2_15.png
2495,125,61,125_61_2/x/faker_4341_61_2_16.jpg,125_61_2/y/faker_4341_61_2_16.png
2496,125,61,125_61_2/x/faker_4348_61_2_17.jpg,125_61_2/y/faker_4348_61_2_17.png
2497,125,61,125_61_2/x/faker_4353_61_2_18.jpg,125_61_2/y/faker_4353_61_2_18.png
2498,125,61,125_61_2/x/faker_4359_61_2_19.jpg,125_61_2/y/faker_4359_61_2_19.png
2499,125,61,125_61_2/x/faker_4364_61_2_20.jpg,125_61_2/y/faker_4364_61_2_20.png
2540,128,63,128_63_1/x/faker_4493_63_1_1.jpg,128_63_1/y/faker_4493_63_1_1.png
2541,128,63,128_63_1/x/faker_4494_63_1_2.jpg,128_63_1/y/faker_4494_63_1_2.png
2542,128,63,128_63_1/x/faker_4495_63_1_3.jpg,128_63_1/y/faker_4495_63_1_3.png
2543,128,63,128_63_1/x/faker_4496_63_1_4.jpg,128_63_1/y/faker_4496_63_1_4.png
2544,128,63,128_63_1/x/faker_4499_63_1_5.jpg,128_63_1/y/faker_4499_63_1_5.png
2545,128,63,128_63_1/x/faker_4500_63_1_6.jpg,128_63_1/y/faker_4500_63_1_6.png
2546,128,63,128_63_1/x/faker_4501_63_1_7.jpg,128_63_1/y/faker_4501_63_1_7.png
2547,128,63,128_63_1/x/faker_4503_63_1_8.jpg,128_63_1/y/faker_4503_63_1_8.png
2548,128,63,128_63_1/x/faker_4504_63_1_9.jpg,128_63_1/y/faker_4504_63_1_9.png
2549,128,63,128_63_1/x/faker_4505_63_1_10.jpg,128_63_1/y/faker_4505_63_1_10.png
2550,128,63,128_63_1/x/faker_4506_63_1_11.jpg,128_63_1/y/faker_4506_63_1_11.png
2551,128,63,128_63_1/x/faker_4508_63_1_12.jpg,128_63_1/y/faker_4508_63_1_12.png
2552,128,63,128_63_1/x/faker_4509_63_1_13.jpg,128_63_1/y/faker_4509_63_1_13.png
2553,128,63,128_63_1/x/faker_4510_63_1_14.jpg,128_63_1/y/faker_4510_63_1_14.png
2554,128,63,128_63_1/x/faker_4511_63_1_15.jpg,128_63_1/y/faker_4511_63_1_15.png
2555,128,63,128_63_1/x/faker_4512_63_1_16.jpg,128_63_1/y/faker_4512_63_1_16.png
2556,128,63,128_63_1/x/faker_4513_63_1_17.jpg,128_63_1/y/faker_4513_63_1_17.png
2557,128,63,128_63_1/x/faker_4514_63_1_18.jpg,128_63_1/y/faker_4514_63_1_18.png
2558,128,63,128_63_1/x/faker_4515_63_1_19.jpg,128_63_1/y/faker_4515_63_1_19.png
2559,128,63,128_63_1/x/faker_4516_63_1_20.jpg,128_63_1/y/faker_4516_63_1_20.png
2580,130,65,130_65_1/x/faker_4546_65_1_1.jpg,130_65_1/y/faker_4546_65_1_1.png
2581,130,65,130_65_1/x/faker_4548_65_1_2.jpg,130_65_1/y/faker_4548_65_1_2.png
2582,130,65,130_65_1/x/faker_4549_65_1_3.jpg,130_65_1/y/faker_4549_65_1_3.png
2583,130,65,130_65_1/x/faker_4550_65_1_4.jpg,130_65_1/y/faker_4550_65_1_4.png
2584,130,65,130_65_1/x/faker_4551_65_1_5.jpg,130_65_1/y/faker_4551_65_1_5.png
2585,130,65,130_65_1/x/faker_4552_65_1_6.jpg,130_65_1/y/faker_4552_65_1_6.png
2586,130,65,130_65_1/x/faker_4553_65_1_7.jpg,130_65_1/y/faker_4553_65_1_7.png
2587,130,65,130_65_1/x/faker_4554_65_1_8.jpg,130_65_1/y/faker_4554_65_1_8.png
2588,130,65,130_65_1/x/faker_4556_65_1_9.jpg,130_65_1/y/faker_4556_65_1_9.png
2589,130,65,130_65_1/x/faker_4557_65_1_10.jpg,130_65_1/y/faker_4557_65_1_10.png
2590,130,65,130_65_1/x/faker_4558_65_1_11.jpg,130_65_1/y/faker_4558_65_1_11.png
2591,130,65,130_65_1/x/faker_4559_65_1_12.jpg,130_65_1/y/faker_4559_65_1_12.png
2592,130,65,130_65_1/x/faker_4560_65_1_13.jpg,130_65_1/y/faker_4560_65_1_13.png
2593,130,65,130_65_1/x/faker_4561_65_1_14.jpg,130_65_1/y/faker_4561_65_1_14.png
2594,130,65,130_65_1/x/faker_4562_65_1_15.jpg,130_65_1/y/faker_4562_65_1_15.png
2595,130,65,130_65_1/x/faker_4563_65_1_16.jpg,130_65_1/y/faker_4563_65_1_16.png
2596,130,65,130_65_1/x/faker_4564_65_1_17.jpg,130_65_1/y/faker_4564_65_1_17.png
2597,130,65,130_65_1/x/faker_4565_65_1_18.jpg,130_65_1/y/faker_4565_65_1_18.png
2598,130,65,130_65_1/x/faker_4567_65_1_19.jpg,130_65_1/y/faker_4567_65_1_19.png
2599,130,65,130_65_1/x/faker_4568_65_1_20.jpg,130_65_1/y/faker_4568_65_1_20.png
2660,134,68,134_68_1/x/faker_4648_68_1_1.jpg,134_68_1/y/faker_4648_68_1_1.png
2661,134,68,134_68_1/x/faker_4649_68_1_2.jpg,134_68_1/y/faker_4649_68_1_2.png
2662,134,68,134_68_1/x/faker_4650_68_1_3.jpg,134_68_1/y/faker_4650_68_1_3.png
2663,134,68,134_68_1/x/faker_4651_68_1_4.jpg,134_68_1/y/faker_4651_68_1_4.png
2664,134,68,134_68_1/x/faker_4653_68_1_5.jpg,134_68_1/y/faker_4653_68_1_5.png
2665,134,68,134_68_1/x/faker_4654_68_1_6.jpg,134_68_1/y/faker_4654_68_1_6.png
2666,134,68,134_68_1/x/faker_4655_68_1_7.jpg,134_68_1/y/faker_4655_68_1_7.png
2667,134,68,134_68_1/x/faker_4656_68_1_8.jpg,134_68_1/y/faker_4656_68_1_8.png
2668,134,68,134_68_1/x/faker_4658_68_1_9.jpg,134_68_1/y/faker_4658_68_1_9.png
2669,134,68,134_68_1/x/faker_4659_68_1_10.jpg,134_68_1/y/faker_4659_68_1_10.png
2670,134,68,134_68_1/x/faker_4662_68_1_11.jpg,134_68_1/y/faker_4662_68_1_11.png
2671,134,68,134_68_1/x/faker_4663_68_1_12.jpg,134_68_1/y/faker_4663_68_1_12.png
2672,134,68,134_68_1/x/faker_4664_68_1_13.jpg,134_68_1/y/faker_4664_68_1_13.png
2673,134,68,134_68_1/x/faker_4665_68_1_14.jpg,134_68_1/y/faker_4665_68_1_14.png
2674,134,68,134_68_1/x/faker_4666_68_1_15.jpg,134_68_1/y/faker_4666_68_1_15.png
2675,134,68,134_68_1/x/faker_4668_68_1_16.jpg,134_68_1/y/faker_4668_68_1_16.png
2676,134,68,134_68_1/x/faker_4670_68_1_17.jpg,134_68_1/y/faker_4670_68_1_17.png
2677,134,68,134_68_1/x/faker_4671_68_1_18.jpg,134_68_1/y/faker_4671_68_1_18.png
2678,134,68,134_68_1/x/faker_4672_68_1_19.jpg,134_68_1/y/faker_4672_68_1_19.png
2679,134,68,134_68_1/x/faker_4673_68_1_20.jpg,134_68_1/y/faker_4673_68_1_20.png
2680,135,69,135_69_1/x/faker_4675_69_1_1.jpg,135_69_1/y/faker_4675_69_1_1.png
2681,135,69,135_69_1/x/faker_4676_69_1_2.jpg,135_69_1/y/faker_4676_69_1_2.png
2682,135,69,135_69_1/x/faker_4678_69_1_3.jpg,135_69_1/y/faker_4678_69_1_3.png
2683,135,69,135_69_1/x/faker_4679_69_1_4.jpg,135_69_1/y/faker_4679_69_1_4.png
2684,135,69,135_69_1/x/faker_4680_69_1_5.jpg,135_69_1/y/faker_4680_69_1_5.png
2685,135,69,135_69_1/x/faker_4681_69_1_6.jpg,135_69_1/y/faker_4681_69_1_6.png
2686,135,69,135_69_1/x/faker_4682_69_1_7.jpg,135_69_1/y/faker_4682_69_1_7.png
2687,135,69,135_69_1/x/faker_4683_69_1_8.jpg,135_69_1/y/faker_4683_69_1_8.png
2688,135,69,135_69_1/x/faker_4684_69_1_9.jpg,135_69_1/y/faker_4684_69_1_9.png
2689,135,69,135_69_1/x/faker_4685_69_1_10.jpg,135_69_1/y/faker_4685_69_1_10.png
2690,135,69,135_69_1/x/faker_4686_69_1_11.jpg,135_69_1/y/faker_4686_69_1_11.png
2691,135,69,135_69_1/x/faker_4688_69_1_12.jpg,135_69_1/y/faker_4688_69_1_12.png
2692,135,69,135_69_1/x/faker_4689_69_1_13.jpg,135_69_1/y/faker_4689_69_1_13.png
2693,135,69,135_69_1/x/faker_4690_69_1_14.jpg,135_69_1/y/faker_4690_69_1_14.png
2694,135,69,135_69_1/x/faker_4691_69_1_15.jpg,135_69_1/y/faker_4691_69_1_15.png
2695,135,69,135_69_1/x/faker_4692_69_1_16.jpg,135_69_1/y/faker_4692_69_1_16.png
2696,135,69,135_69_1/x/faker_4693_69_1_17.jpg,135_69_1/y/faker_4693_69_1_17.png
2697,135,69,135_69_1/x/faker_4694_69_1_18.jpg,135_69_1/y/faker_4694_69_1_18.png
2698,135,69,135_69_1/x/faker_4695_69_1_19.jpg,135_69_1/y/faker_4695_69_1_19.png
2699,135,69,135_69_1/x/faker_4697_69_1_20.jpg,135_69_1/y/faker_4697_69_1_20.png
2820,142,73,142_73_1/x/faker_4864_73_1_1.jpg,142_73_1/y/faker_4864_73_1_1.png
2821,142,73,142_73_1/x/faker_4865_73_1_2.jpg,142_73_1/y/faker_4865_73_1_2.png
2822,142,73,142_73_1/x/faker_4866_73_1_3.jpg,142_73_1/y/faker_4866_73_1_3.png
2823,142,73,142_73_1/x/faker_4867_73_1_4.jpg,142_73_1/y/faker_4867_73_1_4.png
2824,142,73,142_73_1/x/faker_4868_73_1_5.jpg,142_73_1/y/faker_4868_73_1_5.png
2825,142,73,142_73_1/x/faker_4870_73_1_6.jpg,142_73_1/y/faker_4870_73_1_6.png
2826,142,73,142_73_1/x/faker_4871_73_1_7.jpg,142_73_1/y/faker_4871_73_1_7.png
2827,142,73,142_73_1/x/faker_4872_73_1_8.jpg,142_73_1/y/faker_4872_73_1_8.png
2828,142,73,142_73_1/x/faker_4873_73_1_9.jpg,142_73_1/y/faker_4873_73_1_9.png
2829,142,73,142_73_1/x/faker_4874_73_1_10.jpg,142_73_1/y/faker_4874_73_1_10.png
2830,142,73,142_73_1/x/faker_4875_73_1_11.jpg,142_73_1/y/faker_4875_73_1_11.png
2831,142,73,142_73_1/x/faker_4876_73_1_12.jpg,142_73_1/y/faker_4876_73_1_12.png
2832,142,73,142_73_1/x/faker_4877_73_1_13.jpg,142_73_1/y/faker_4877_73_1_13.png
2833,142,73,142_73_1/x/faker_4878_73_1_14.jpg,142_73_1/y/faker_4878_73_1_14.png
2834,142,73,142_73_1/x/faker_4880_73_1_15.jpg,142_73_1/y/faker_4880_73_1_15.png
2835,142,73,142_73_1/x/faker_4881_73_1_16.jpg,142_73_1/y/faker_4881_73_1_16.png
2836,142,73,142_73_1/x/faker_4882_73_1_17.jpg,142_73_1/y/faker_4882_73_1_17.png
2837,142,73,142_73_1/x/faker_4883_73_1_18.jpg,142_73_1/y/faker_4883_73_1_18.png
2838,142,73,142_73_1/x/faker_4884_73_1_19.jpg,142_73_1/y/faker_4884_73_1_19.png
2839,142,73,142_73_1/x/faker_4885_73_1_20.jpg,142_73_1/y/faker_4885_73_1_20.png
2840,143,74,143_74_1/x/faker_4886_74_1_1.jpg,143_74_1/y/faker_4886_74_1_1.png
2841,143,74,143_74_1/x/faker_4887_74_1_2.jpg,143_74_1/y/faker_4887_74_1_2.png
2842,143,74,143_74_1/x/faker_4889_74_1_3.jpg,143_74_1/y/faker_4889_74_1_3.png
2843,143,74,143_74_1/x/faker_4890_74_1_4.jpg,143_74_1/y/faker_4890_74_1_4.png
2844,143,74,143_74_1/x/faker_4891_74_1_5.jpg,143_74_1/y/faker_4891_74_1_5.png
2845,143,74,143_74_1/x/faker_4892_74_1_6.jpg,143_74_1/y/faker_4892_74_1_6.png
2846,143,74,143_74_1/x/faker_4893_74_1_7.jpg,143_74_1/y/faker_4893_74_1_7.png
2847,143,74,143_74_1/x/faker_4894_74_1_8.jpg,143_74_1/y/faker_4894_74_1_8.png
2848,143,74,143_74_1/x/faker_4896_74_1_9.jpg,143_74_1/y/faker_4896_74_1_9.png
2849,143,74,143_74_1/x/faker_4898_74_1_10.jpg,143_74_1/y/faker_4898_74_1_10.png
2850,143,74,143_74_1/x/faker_4899_74_1_11.jpg,143_74_1/y/faker_4899_74_1_11.png
2851,143,74,143_74_1/x/faker_4900_74_1_12.jpg,143_74_1/y/faker_4900_74_1_12.png
2852,143,74,143_74_1/x/faker_4902_74_1_13.jpg,143_74_1/y/faker_4902_74_1_13.png
2853,143,74,143_74_1/x/faker_4904_74_1_14.jpg,143_74_1/y/faker_4904_74_1_14.png
2854,143,74,143_74_1/x/faker_4905_74_1_15.jpg,143_74_1/y/faker_4905_74_1_15.png
2855,143,74,143_74_1/x/faker_4906_74_1_16.jpg,143_74_1/y/faker_4906_74_1_16.png
2856,143,74,143_74_1/x/faker_4907_74_1_17.jpg,143_74_1/y/faker_4907_74_1_17.png
2857,143,74,143_74_1/x/faker_4908_74_1_18.jpg,143_74_1/y/faker_4908_74_1_18.png
2858,143,74,143_74_1/x/faker_4910_74_1_19.jpg,143_74_1/y/faker_4910_74_1_19.png
2859,143,74,143_74_1/x/faker_4911_74_1_20.jpg,143_74_1/y/faker_4911_74_1_20.png
2940,148,77,148_77_1/x/faker_5022_77_1_1.jpg,148_77_1/y/faker_5022_77_1_1.png
2941,148,77,148_77_1/x/faker_5023_77_1_2.jpg,148_77_1/y/faker_5023_77_1_2.png
2942,148,77,148_77_1/x/faker_5024_77_1_3.jpg,148_77_1/y/faker_5024_77_1_3.png
2943,148,77,148_77_1/x/faker_5025_77_1_4.jpg,148_77_1/y/faker_5025_77_1_4.png
2944,148,77,148_77_1/x/faker_5026_77_1_5.jpg,148_77_1/y/faker_5026_77_1_5.png
2945,148,77,148_77_1/x/faker_5027_77_1_6.jpg,148_77_1/y/faker_5027_77_1_6.png
2946,148,77,148_77_1/x/faker_5028_77_1_7.jpg,148_77_1/y/faker_5028_77_1_7.png
2947,148,77,148_77_1/x/faker_5029_77_1_8.jpg,148_77_1/y/faker_5029_77_1_8.png
2948,148,77,148_77_1/x/faker_5030_77_1_9.jpg,148_77_1/y/faker_5030_77_1_9.png
2949,148,77,148_77_1/x/faker_5031_77_1_10.jpg,148_77_1/y/faker_5031_77_1_10.png
2950,148,77,148_77_1/x/faker_5032_77_1_11.jpg,148_77_1/y/faker_5032_77_1_11.png
2951,148,77,148_77_1/x/faker_5033_77_1_12.jpg,148_77_1/y/faker_5033_77_1_12.png
2952,148,77,148_77_1/x/faker_5035_77_1_13.jpg,148_77_1/y/faker_5035_77_1_13.png
2953,148,77,148_77_1/x/faker_5036_77_1_14.jpg,148_77_1/y/faker_5036_77_1_14.png
2954,148,77,148_77_1/x/faker_5037_77_1_15.jpg,148_77_1/y/faker_5037_77_1_15.png
2955,148,77,148_77_1/x/faker_5039_77_1_16.jpg,148_77_1/y/faker_5039_77_1_16.png
2956,148,77,148_77_1/x/faker_5041_77_1_17.jpg,148_77_1/y/faker_5041_77_1_17.png
2957,148,77,148_77_1/x/faker_5044_77_1_18.jpg,148_77_1/y/faker_5044_77_1_18.png
2958,148,77,148_77_1/x/faker_5046_77_1_19.jpg,148_77_1/y/faker_5046_77_1_19.png
2959,148,77,148_77_1/x/faker_5047_77_1_20.jpg,148_77_1/y/faker_5047_77_1_20.png
2960,149,78,149_78_1/x/faker_5048_78_1_1.jpg,149_78_1/y/faker_5048_78_1_1.png
2961,149,78,149_78_1/x/faker_5050_78_1_2.jpg,149_78_1/y/faker_5050_78_1_2.png
2962,149,78,149_78_1/x/faker_5052_78_1_3.jpg,149_78_1/y/faker_5052_78_1_3.png
2963,149,78,149_78_1/x/faker_5053_78_1_4.jpg,149_78_1/y/faker_5053_78_1_4.png
2964,149,78,149_78_1/x/faker_5054_78_1_5.jpg,149_78_1/y/faker_5054_78_1_5.png
2965,149,78,149_78_1/x/faker_5055_78_1_6.jpg,149_78_1/y/faker_5055_78_1_6.png
2966,149,78,149_78_1/x/faker_5057_78_1_7.jpg,149_78_1/y/faker_5057_78_1_7.png
2967,149,78,149_78_1/x/faker_5059_78_1_8.jpg,149_78_1/y/faker_5059_78_1_8.png
2968,149,78,149_78_1/x/faker_5060_78_1_9.jpg,149_78_1/y/faker_5060_78_1_9.png
2969,149,78,149_78_1/x/faker_5061_78_1_10.jpg,149_78_1/y/faker_5061_78_1_10.png
2970,149,78,149_78_1/x/faker_5062_78_1_11.jpg,149_78_1/y/faker_5062_78_1_11.png
2971,149,78,149_78_1/x/faker_5063_78_1_12.jpg,149_78_1/y/faker_5063_78_1_12.png
2972,149,78,149_78_1/x/faker_5064_78_1_13.jpg,149_78_1/y/faker_5064_78_1_13.png
2973,149,78,149_78_1/x/faker_5065_78_1_14.jpg,149_78_1/y/faker_5065_78_1_14.png
2974,149,78,149_78_1/x/faker_5066_78_1_15.jpg,149_78_1/y/faker_5066_78_1_15.png
2975,149,78,149_78_1/x/faker_5067_78_1_16.jpg,149_78_1/y/faker_5067_78_1_16.png
2976,149,78,149_78_1/x/faker_5068_78_1_17.jpg,149_78_1/y/faker_5068_78_1_17.png
2977,149,78,149_78_1/x/faker_5069_78_1_18.jpg,149_78_1/y/faker_5069_78_1_18.png
2978,149,78,149_78_1/x/faker_5070_78_1_19.jpg,149_78_1/y/faker_5070_78_1_19.png
2979,149,78,149_78_1/x/faker_5071_78_1_20.jpg,149_78_1/y/faker_5071_78_1_20.png
2980,150,79,150_79_1/x/faker_5072_79_1_1.jpg,150_79_1/y/faker_5072_79_1_1.png
2981,150,79,150_79_1/x/faker_5073_79_1_2.jpg,150_79_1/y/faker_5073_79_1_2.png
2982,150,79,150_79_1/x/faker_5075_79_1_3.jpg,150_79_1/y/faker_5075_79_1_3.png
2983,150,79,150_79_1/x/faker_5076_79_1_4.jpg,150_79_1/y/faker_5076_79_1_4.png
2984,150,79,150_79_1/x/faker_5077_79_1_5.jpg,150_79_1/y/faker_5077_79_1_5.png
2985,150,79,150_79_1/x/faker_5078_79_1_6.jpg,150_79_1/y/faker_5078_79_1_6.png
2986,150,79,150_79_1/x/faker_5079_79_1_7.jpg,150_79_1/y/faker_5079_79_1_7.png
2987,150,79,150_79_1/x/faker_5080_79_1_8.jpg,150_79_1/y/faker_5080_79_1_8.png
2988,150,79,150_79_1/x/faker_5082_79_1_9.jpg,150_79_1/y/faker_5082_79_1_9.png
2989,150,79,150_79_1/x/faker_5083_79_1_10.jpg,150_79_1/y/faker_5083_79_1_10.png
2990,150,79,150_79_1/x/faker_5085_79_1_11.jpg,150_79_1/y/faker_5085_79_1_11.png
2991,150,79,150_79_1/x/faker_5086_79_1_12.jpg,150_79_1/y/faker_5086_79_1_12.png
2992,150,79,150_79_1/x/faker_5087_79_1_13.jpg,150_79_1/y/faker_5087_79_1_13.png
2993,150,79,150_79_1/x/faker_5089_79_1_14.jpg,150_79_1/y/faker_5089_79_1_14.png
2994,150,79,150_79_1/x/faker_5091_79_1_15.jpg,150_79_1/y/faker_5091_79_1_15.png
2995,150,79,150_79_1/x/faker_5092_79_1_16.jpg,150_79_1/y/faker_5092_79_1_16.png
2996,150,79,150_79_1/x/faker_5093_79_1_17.jpg,150_79_1/y/faker_5093_79_1_17.png
2997,150,79,150_79_1/x/faker_5094_79_1_18.jpg,150_79_1/y/faker_5094_79_1_18.png
2998,150,79,150_79_1/x/faker_5097_79_1_19.jpg,150_79_1/y/faker_5097_79_1_19.png
2999,150,79,150_79_1/x/faker_5099_79_1_20.jpg,150_79_1/y/faker_5099_79_1_20.png
3000,151,80,151_80_1/x/faker_5100_80_1_1.jpg,151_80_1/y/faker_5100_80_1_1.png
3001,151,80,151_80_1/x/faker_5101_80_1_2.jpg,151_80_1/y/faker_5101_80_1_2.png
3002,151,80,151_80_1/x/faker_5103_80_1_3.jpg,151_80_1/y/faker_5103_80_1_3.png
3003,151,80,151_80_1/x/faker_5104_80_1_4.jpg,151_80_1/y/faker_5104_80_1_4.png
3004,151,80,151_80_1/x/faker_5105_80_1_5.jpg,151_80_1/y/faker_5105_80_1_5.png
3005,151,80,151_80_1/x/faker_5106_80_1_6.jpg,151_80_1/y/faker_5106_80_1_6.png
3006,151,80,151_80_1/x/faker_5109_80_1_7.jpg,151_80_1/y/faker_5109_80_1_7.png
3007,151,80,151_80_1/x/faker_5113_80_1_8.jpg,151_80_1/y/faker_5113_80_1_8.png
3008,151,80,151_80_1/x/faker_5115_80_1_9.jpg,151_80_1/y/faker_5115_80_1_9.png
3009,151,80,151_80_1/x/faker_5116_80_1_10.jpg,151_80_1/y/faker_5116_80_1_10.png
3010,151,80,151_80_1/x/faker_5119_80_1_11.jpg,151_80_1/y/faker_5119_80_1_11.png
3011,151,80,151_80_1/x/faker_5120_80_1_12.jpg,151_80_1/y/faker_5120_80_1_12.png
3012,151,80,151_80_1/x/faker_5121_80_1_13.jpg,151_80_1/y/faker_5121_80_1_13.png
3013,151,80,151_80_1/x/faker_5122_80_1_14.jpg,151_80_1/y/faker_5122_80_1_14.png
3014,151,80,151_80_1/x/faker_5123_80_1_15.jpg,151_80_1/y/faker_5123_80_1_15.png
3015,151,80,151_80_1/x/faker_5124_80_1_16.jpg,151_80_1/y/faker_5124_80_1_16.png
3016,151,80,151_80_1/x/faker_5125_80_1_17.jpg,151_80_1/y/faker_5125_80_1_17.png
3017,151,80,151_80_1/x/faker_5126_80_1_18.jpg,151_80_1/y/faker_5126_80_1_18.png
3018,151,80,151_80_1/x/faker_5127_80_1_19.jpg,151_80_1/y/faker_5127_80_1_19.png
3019,151,80,151_80_1/x/faker_5128_80_1_20.jpg,151_80_1/y/faker_5128_80_1_20.png
3020,152,80,152_80_2/x/faker_5129_80_2_1.jpg,152_80_2/y/faker_5129_80_2_1.png
3021,152,80,152_80_2/x/faker_5130_80_2_2.jpg,152_80_2/y/faker_5130_80_2_2.png
3022,152,80,152_80_2/x/faker_5131_80_2_3.jpg,152_80_2/y/faker_5131_80_2_3.png
3023,152,80,152_80_2/x/faker_5132_80_2_4.jpg,152_80_2/y/faker_5132_80_2_4.png
3024,152,80,152_80_2/x/faker_5136_80_2_5.jpg,152_80_2/y/faker_5136_80_2_5.png
3025,152,80,152_80_2/x/faker_5137_80_2_6.jpg,152_80_2/y/faker_5137_80_2_6.png
3026,152,80,152_80_2/x/faker_5138_80_2_7.jpg,152_80_2/y/faker_5138_80_2_7.png
3027,152,80,152_80_2/x/faker_5140_80_2_8.jpg,152_80_2/y/faker_5140_80_2_8.png
3028,152,80,152_80_2/x/faker_5141_80_2_9.jpg,152_80_2/y/faker_5141_80_2_9.png
3029,152,80,152_80_2/x/faker_5142_80_2_10.jpg,152_80_2/y/faker_5142_80_2_10.png
3030,152,80,152_80_2/x/faker_5143_80_2_11.jpg,152_80_2/y/faker_5143_80_2_11.png
3031,152,80,152_80_2/x/faker_5144_80_2_12.jpg,152_80_2/y/faker_5144_80_2_12.png
3032,152,80,152_80_2/x/faker_5145_80_2_13.jpg,152_80_2/y/faker_5145_80_2_13.png
3033,152,80,152_80_2/x/faker_5146_80_2_14.jpg,152_80_2/y/faker_5146_80_2_14.png
3034,152,80,152_80_2/x/faker_5147_80_2_15.jpg,152_80_2/y/faker_5147_80_2_15.png
3035,152,80,152_80_2/x/faker_5148_80_2_16.jpg,152_80_2/y/faker_5148_80_2_16.png
3036,152,80,152_80_2/x/faker_5149_80_2_17.jpg,152_80_2/y/faker_5149_80_2_17.png
3037,152,80,152_80_2/x/faker_5156_80_2_18.jpg,152_80_2/y/faker_5156_80_2_18.png
3038,152,80,152_80_2/x/faker_5157_80_2_19.jpg,152_80_2/y/faker_5157_80_2_19.png
3039,152,80,152_80_2/x/faker_5158_80_2_20.jpg,152_80_2/y/faker_5158_80_2_20.png
3040,153,80,153_80_3/x/faker_5159_80_3_1.jpg,153_80_3/y/faker_5159_80_3_1.png
3041,153,80,153_80_3/x/faker_5160_80_3_2.jpg,153_80_3/y/faker_5160_80_3_2.png
3042,153,80,153_80_3/x/faker_5161_80_3_3.jpg,153_80_3/y/faker_5161_80_3_3.png
3043,153,80,153_80_3/x/faker_5162_80_3_4.jpg,153_80_3/y/faker_5162_80_3_4.png
3044,153,80,153_80_3/x/faker_5165_80_3_5.jpg,153_80_3/y/faker_5165_80_3_5.png
3045,153,80,153_80_3/x/faker_5166_80_3_6.jpg,153_80_3/y/faker_5166_80_3_6.png
3046,153,80,153_80_3/x/faker_5167_80_3_7.jpg,153_80_3/y/faker_5167_80_3_7.png
3047,153,80,153_80_3/x/faker_5168_80_3_8.jpg,153_80_3/y/faker_5168_80_3_8.png
3048,153,80,153_80_3/x/faker_5172_80_3_9.jpg,153_80_3/y/faker_5172_80_3_9.png
3049,153,80,153_80_3/x/faker_5173_80_3_10.jpg,153_80_3/y/faker_5173_80_3_10.png
3050,153,80,153_80_3/x/faker_5174_80_3_11.jpg,153_80_3/y/faker_5174_80_3_11.png
3051,153,80,153_80_3/x/faker_5175_80_3_12.jpg,153_80_3/y/faker_5175_80_3_12.png
3052,153,80,153_80_3/x/faker_5176_80_3_13.jpg,153_80_3/y/faker_5176_80_3_13.png
3053,153,80,153_80_3/x/faker_5177_80_3_14.jpg,153_80_3/y/faker_5177_80_3_14.png
3054,153,80,153_80_3/x/faker_5178_80_3_15.jpg,153_80_3/y/faker_5178_80_3_15.png
3055,153,80,153_80_3/x/faker_5179_80_3_16.jpg,153_80_3/y/faker_5179_80_3_16.png
3056,153,80,153_80_3/x/faker_5180_80_3_17.jpg,153_80_3/y/faker_5180_80_3_17.png
3057,153,80,153_80_3/x/faker_5181_80_3_18.jpg,153_80_3/y/faker_5181_80_3_18.png
3058,153,80,153_80_3/x/faker_5182_80_3_19.jpg,153_80_3/y/faker_5182_80_3_19.png
3059,153,80,153_80_3/x/faker_5183_80_3_20.jpg,153_80_3/y/faker_5183_80_3_20.png
3060,154,81,154_81_1/x/faker_5184_81_1_1.jpg,154_81_1/y/faker_5184_81_1_1.png
3061,154,81,154_81_1/x/faker_5187_81_1_2.jpg,154_81_1/y/faker_5187_81_1_2.png
3062,154,81,154_81_1/x/faker_5188_81_1_3.jpg,154_81_1/y/faker_5188_81_1_3.png
3063,154,81,154_81_1/x/faker_5189_81_1_4.jpg,154_81_1/y/faker_5189_81_1_4.png
3064,154,81,154_81_1/x/faker_5190_81_1_5.jpg,154_81_1/y/faker_5190_81_1_5.png
3065,154,81,154_81_1/x/faker_5191_81_1_6.jpg,154_81_1/y/faker_5191_81_1_6.png
3066,154,81,154_81_1/x/faker_5192_81_1_7.jpg,154_81_1/y/faker_5192_81_1_7.png
3067,154,81,154_81_1/x/faker_5193_81_1_8.jpg,154_81_1/y/faker_5193_81_1_8.png
3068,154,81,154_81_1/x/faker_5194_81_1_9.jpg,154_81_1/y/faker_5194_81_1_9.png
3069,154,81,154_81_1/x/faker_5195_81_1_10.jpg,154_81_1/y/faker_5195_81_1_10.png
3070,154,81,154_81_1/x/faker_5196_81_1_11.jpg,154_81_1/y/faker_5196_81_1_11.png
3071,154,81,154_81_1/x/faker_5197_81_1_12.jpg,154_81_1/y/faker_5197_81_1_12.png
3072,154,81,154_81_1/x/faker_5198_81_1_13.jpg,154_81_1/y/faker_5198_81_1_13.png
3073,154,81,154_81_1/x/faker_5200_81_1_14.jpg,154_81_1/y/faker_5200_81_1_14.png
3074,154,81,154_81_1/x/faker_5201_81_1_15.jpg,154_81_1/y/faker_5201_81_1_15.png
3075,154,81,154_81_1/x/faker_5202_81_1_16.jpg,154_81_1/y/faker_5202_81_1_16.png
3076,154,81,154_81_1/x/faker_5204_81_1_17.jpg,154_81_1/y/faker_5204_81_1_17.png
3077,154,81,154_81_1/x/faker_5205_81_1_18.jpg,154_81_1/y/faker_5205_81_1_18.png
3078,154,81,154_81_1/x/faker_5206_81_1_19.jpg,154_81_1/y/faker_5206_81_1_19.png
3079,154,81,154_81_1/x/faker_5209_81_1_20.jpg,154_81_1/y/faker_5209_81_1_20.png
3100,156,83,156_83_1/x/faker_5234_83_1_1.jpg,156_83_1/y/faker_5234_83_1_1.png
3101,156,83,156_83_1/x/faker_5236_83_1_2.jpg,156_83_1/y/faker_5236_83_1_2.png
3102,156,83,156_83_1/x/faker_5237_83_1_3.jpg,156_83_1/y/faker_5237_83_1_3.png
3103,156,83,156_83_1/x/faker_5238_83_1_4.jpg,156_83_1/y/faker_5238_83_1_4.png
3104,156,83,156_83_1/x/faker_5239_83_1_5.jpg,156_83_1/y/faker_5239_83_1_5.png
3105,156,83,156_83_1/x/faker_5240_83_1_6.jpg,156_83_1/y/faker_5240_83_1_6.png
3106,156,83,156_83_1/x/faker_5241_83_1_7.jpg,156_83_1/y/faker_5241_83_1_7.png
3107,156,83,156_83_1/x/faker_5242_83_1_8.jpg,156_83_1/y/faker_5242_83_1_8.png
3108,156,83,156_83_1/x/faker_5244_83_1_9.jpg,156_83_1/y/faker_5244_83_1_9.png
3109,156,83,156_83_1/x/faker_5245_83_1_10.jpg,156_83_1/y/faker_5245_83_1_10.png
3110,156,83,156_83_1/x/faker_5246_83_1_11.jpg,156_83_1/y/faker_5246_83_1_11.png
3111,156,83,156_83_1/x/faker_5247_83_1_12.jpg,156_83_1/y/faker_5247_83_1_12.png
3112,156,83,156_83_1/x/faker_5248_83_1_13.jpg,156_83_1/y/faker_5248_83_1_13.png
3113,156,83,156_83_1/x/faker_5249_83_1_14.jpg,156_83_1/y/faker_5249_83_1_14.png
3114,156,83,156_83_1/x/faker_5250_83_1_15.jpg,156_83_1/y/faker_5250_83_1_15.png
3115,156,83,156_83_1/x/faker_5251_83_1_16.jpg,156_83_1/y/faker_5251_83_1_16.png
3116,156,83,156_83_1/x/faker_5252_83_1_17.jpg,156_83_1/y/faker_5252_83_1_17.png
3117,156,83,156_83_1/x/faker_5255_83_1_18.jpg,156_83_1/y/faker_5255_83_1_18.png
3118,156,83,156_83_1/x/faker_5256_83_1_19.jpg,156_83_1/y/faker_5256_83_1_19.png
3119,156,83,156_83_1/x/faker_5257_83_1_20.jpg,156_83_1/y/faker_5257_83_1_20.png
3120,157,83,157_83_2/x/faker_5258_83_2_1.jpg,157_83_2/y/faker_5258_83_2_1.png
3121,157,83,157_83_2/x/faker_5259_83_2_2.jpg,157_83_2/y/faker_5259_83_2_2.png
3122,157,83,157_83_2/x/faker_5260_83_2_3.jpg,157_83_2/y/faker_5260_83_2_3.png
3123,157,83,157_83_2/x/faker_5262_83_2_4.jpg,157_83_2/y/faker_5262_83_2_4.png
3124,157,83,157_83_2/x/faker_5263_83_2_5.jpg,157_83_2/y/faker_5263_83_2_5.png
3125,157,83,157_83_2/x/faker_5264_83_2_6.jpg,157_83_2/y/faker_5264_83_2_6.png
3126,157,83,157_83_2/x/faker_5265_83_2_7.jpg,157_83_2/y/faker_5265_83_2_7.png
3127,157,83,157_83_2/x/faker_5266_83_2_8.jpg,157_83_2/y/faker_5266_83_2_8.png
3128,157,83,157_83_2/x/faker_5267_83_2_9.jpg,157_83_2/y/faker_5267_83_2_9.png
3129,157,83,157_83_2/x/faker_5268_83_2_10.jpg,157_83_2/y/faker_5268_83_2_10.png
3130,157,83,157_83_2/x/faker_5269_83_2_11.jpg,157_83_2/y/faker_5269_83_2_11.png
3131,157,83,157_83_2/x/faker_5270_83_2_12.jpg,157_83_2/y/faker_5270_83_2_12.png
3132,157,83,157_83_2/x/faker_5271_83_2_13.jpg,157_83_2/y/faker_5271_83_2_13.png
3133,157,83,157_83_2/x/faker_5272_83_2_14.jpg,157_83_2/y/faker_5272_83_2_14.png
3134,157,83,157_83_2/x/faker_5274_83_2_15.jpg,157_83_2/y/faker_5274_83_2_15.png
3135,157,83,157_83_2/x/faker_5275_83_2_16.jpg,157_83_2/y/faker_5275_83_2_16.png
3136,157,83,157_83_2/x/faker_5276_83_2_17.jpg,157_83_2/y/faker_5276_83_2_17.png
3137,157,83,157_83_2/x/faker_5277_83_2_18.jpg,157_83_2/y/faker_5277_83_2_18.png
3138,157,83,157_83_2/x/faker_5278_83_2_19.jpg,157_83_2/y/faker_5278_83_2_19.png
3139,157,83,157_83_2/x/faker_5282_83_2_20.jpg,157_83_2/y/faker_5282_83_2_20.png
3140,158,84,158_84_1/x/faker_5283_84_1_1.jpg,158_84_1/y/faker_5283_84_1_1.png
3141,158,84,158_84_1/x/faker_5284_84_1_2.jpg,158_84_1/y/faker_5284_84_1_2.png
3142,158,84,158_84_1/x/faker_5285_84_1_3.jpg,158_84_1/y/faker_5285_84_1_3.png
3143,158,84,158_84_1/x/faker_5287_84_1_4.jpg,158_84_1/y/faker_5287_84_1_4.png
3144,158,84,158_84_1/x/faker_5288_84_1_5.jpg,158_84_1/y/faker_5288_84_1_5.png
3145,158,84,158_84_1/x/faker_5289_84_1_6.jpg,158_84_1/y/faker_5289_84_1_6.png
3146,158,84,158_84_1/x/faker_5290_84_1_7.jpg,158_84_1/y/faker_5290_84_1_7.png
3147,158,84,158_84_1/x/faker_5292_84_1_8.jpg,158_84_1/y/faker_5292_84_1_8.png
3148,158,84,158_84_1/x/faker_5293_84_1_9.jpg,158_84_1/y/faker_5293_84_1_9.png
3149,158,84,158_84_1/x/faker_5294_84_1_10.jpg,158_84_1/y/faker_5294_84_1_10.png
3150,158,84,158_84_1/x/faker_5295_84_1_11.jpg,158_84_1/y/faker_5295_84_1_11.png
3151,158,84,158_84_1/x/faker_5296_84_1_12.jpg,158_84_1/y/faker_5296_84_1_12.png
3152,158,84,158_84_1/x/faker_5297_84_1_13.jpg,158_84_1/y/faker_5297_84_1_13.png
3153,158,84,158_84_1/x/faker_5300_84_1_14.jpg,158_84_1/y/faker_5300_84_1_14.png
3154,158,84,158_84_1/x/faker_5301_84_1_15.jpg,158_84_1/y/faker_5301_84_1_15.png
3155,158,84,158_84_1/x/faker_5302_84_1_16.jpg,158_84_1/y/faker_5302_84_1_16.png
3156,158,84,158_84_1/x/faker_5303_84_1_17.jpg,158_84_1/y/faker_5303_84_1_17.png
3157,158,84,158_84_1/x/faker_5304_84_1_18.jpg,158_84_1/y/faker_5304_84_1_18.png
3158,158,84,158_84_1/x/faker_5305_84_1_19.jpg,158_84_1/y/faker_5305_84_1_19.png
3159,158,84,158_84_1/x/faker_5306_84_1_20.jpg,158_84_1/y/faker_5306_84_1_20.png
3160,159,84,159_84_2/x/faker_5308_84_2_1.jpg,159_84_2/y/faker_5308_84_2_1.png
3161,159,84,159_84_2/x/faker_5309_84_2_2.jpg,159_84_2/y/faker_5309_84_2_2.png
3162,159,84,159_84_2/x/faker_5310_84_2_3.jpg,159_84_2/y/faker_5310_84_2_3.png
3163,159,84,159_84_2/x/faker_5311_84_2_4.jpg,159_84_2/y/faker_5311_84_2_4.png
3164,159,84,159_84_2/x/faker_5312_84_2_5.jpg,159_84_2/y/faker_5312_84_2_5.png
3165,159,84,159_84_2/x/faker_5313_84_2_6.jpg,159_84_2/y/faker_5313_84_2_6.png
3166,159,84,159_84_2/x/faker_5315_84_2_7.jpg,159_84_2/y/faker_5315_84_2_7.png
3167,159,84,159_84_2/x/faker_5316_84_2_8.jpg,159_84_2/y/faker_5316_84_2_8.png
3168,159,84,159_84_2/x/faker_5317_84_2_9.jpg,159_84_2/y/faker_5317_84_2_9.png
3169,159,84,159_84_2/x/faker_5318_84_2_10.jpg,159_84_2/y/faker_5318_84_2_10.png
3170,159,84,159_84_2/x/faker_5319_84_2_11.jpg,159_84_2/y/faker_5319_84_2_11.png
3171,159,84,159_84_2/x/faker_5320_84_2_12.jpg,159_84_2/y/faker_5320_84_2_12.png
3172,159,84,159_84_2/x/faker_5322_84_2_13.jpg,159_84_2/y/faker_5322_84_2_13.png
3173,159,84,159_84_2/x/faker_5323_84_2_14.jpg,159_84_2/y/faker_5323_84_2_14.png
3174,159,84,159_84_2/x/faker_5324_84_2_15.jpg,159_84_2/y/faker_5324_84_2_15.png
3175,159,84,159_84_2/x/faker_5325_84_2_16.jpg,159_84_2/y/faker_5325_84_2_16.png
3176,159,84,159_84_2/x/faker_5326_84_2_17.jpg,159_84_2/y/faker_5326_84_2_17.png
3177,159,84,159_84_2/x/faker_5327_84_2_18.jpg,159_84_2/y/faker_5327_84_2_18.png
3178,159,84,159_84_2/x/faker_5328_84_2_19.jpg,159_84_2/y/faker_5328_84_2_19.png
3179,159,84,159_84_2/x/faker_5329_84_2_20.jpg,159_84_2/y/faker_5329_84_2_20.png
3200,161,86,161_86_1/x/faker_5352_86_1_1.jpg,161_86_1/y/faker_5352_86_1_1.png
3201,161,86,161_86_1/x/faker_5353_86_1_2.jpg,161_86_1/y/faker_5353_86_1_2.png
3202,161,86,161_86_1/x/faker_5354_86_1_3.jpg,161_86_1/y/faker_5354_86_1_3.png
3203,161,86,161_86_1/x/faker_5355_86_1_4.jpg,161_86_1/y/faker_5355_86_1_4.png
3204,161,86,161_86_1/x/faker_5356_86_1_5.jpg,161_86_1/y/faker_5356_86_1_5.png
3205,161,86,161_86_1/x/faker_5357_86_1_6.jpg,161_86_1/y/faker_5357_86_1_6.png
3206,161,86,161_86_1/x/faker_5358_86_1_7.jpg,161_86_1/y/faker_5358_86_1_7.png
3207,161,86,161_86_1/x/faker_5359_86_1_8.jpg,161_86_1/y/faker_5359_86_1_8.png
3208,161,86,161_86_1/x/faker_5360_86_1_9.jpg,161_86_1/y/faker_5360_86_1_9.png
3209,161,86,161_86_1/x/faker_5361_86_1_10.jpg,161_86_1/y/faker_5361_86_1_10.png
3210,161,86,161_86_1/x/faker_5363_86_1_11.jpg,161_86_1/y/faker_5363_86_1_11.png
3211,161,86,161_86_1/x/faker_5366_86_1_12.jpg,161_86_1/y/faker_5366_86_1_12.png
3212,161,86,161_86_1/x/faker_5367_86_1_13.jpg,161_86_1/y/faker_5367_86_1_13.png
3213,161,86,161_86_1/x/faker_5368_86_1_14.jpg,161_86_1/y/faker_5368_86_1_14.png
3214,161,86,161_86_1/x/faker_5369_86_1_15.jpg,161_86_1/y/faker_5369_86_1_15.png
3215,161,86,161_86_1/x/faker_5373_86_1_16.jpg,161_86_1/y/faker_5373_86_1_16.png
3216,161,86,161_86_1/x/faker_5374_86_1_17.jpg,161_86_1/y/faker_5374_86_1_17.png
3217,161,86,161_86_1/x/faker_5376_86_1_18.jpg,161_86_1/y/faker_5376_86_1_18.png
3218,161,86,161_86_1/x/faker_5378_86_1_19.jpg,161_86_1/y/faker_5378_86_1_19.png
3219,161,86,161_86_1/x/faker_5380_86_1_20.jpg,161_86_1/y/faker_5380_86_1_20.png
3260,164,88,164_88_1/x/faker_5495_88_1_1.jpg,164_88_1/y/faker_5495_88_1_1.png
3261,164,88,164_88_1/x/faker_5500_88_1_2.jpg,164_88_1/y/faker_5500_88_1_2.png
3262,164,88,164_88_1/x/faker_5501_88_1_3.jpg,164_88_1/y/faker_5501_88_1_3.png
3263,164,88,164_88_1/x/faker_5513_88_1_4.jpg,164_88_1/y/faker_5513_88_1_4.png
3264,164,88,164_88_1/x/faker_5514_88_1_5.jpg,164_88_1/y/faker_5514_88_1_5.png
3265,164,88,164_88_1/x/faker_5516_88_1_6.jpg,164_88_1/y/faker_5516_88_1_6.png
3266,164,88,164_88_1/x/faker_5521_88_1_7.jpg,164_88_1/y/faker_5521_88_1_7.png
3267,164,88,164_88_1/x/faker_5522_88_1_8.jpg,164_88_1/y/faker_5522_88_1_8.png
3268,164,88,164_88_1/x/faker_5523_88_1_9.jpg,164_88_1/y/faker_5523_88_1_9.png
3269,164,88,164_88_1/x/faker_5524_88_1_10.jpg,164_88_1/y/faker_5524_88_1_10.png
3270,164,88,164_88_1/x/faker_5528_88_1_11.jpg,164_88_1/y/faker_5528_88_1_11.png
3271,164,88,164_88_1/x/faker_5531_88_1_12.jpg,164_88_1/y/faker_5531_88_1_12.png
3272,164,88,164_88_1/x/faker_5532_88_1_13.jpg,164_88_1/y/faker_5532_88_1_13.png
3273,164,88,164_88_1/x/faker_5533_88_1_14.jpg,164_88_1/y/faker_5533_88_1_14.png
3274,164,88,164_88_1/x/faker_5535_88_1_15.jpg,164_88_1/y/faker_5535_88_1_15.png
3275,164,88,164_88_1/x/faker_5539_88_1_16.jpg,164_88_1/y/faker_5539_88_1_16.png
3276,164,88,164_88_1/x/faker_5540_88_1_17.jpg,164_88_1/y/faker_5540_88_1_17.png
3277,164,88,164_88_1/x/faker_5542_88_1_18.jpg,164_88_1/y/faker_5542_88_1_18.png
3278,164,88,164_88_1/x/faker_5543_88_1_19.jpg,164_88_1/y/faker_5543_88_1_19.png
3279,164,88,164_88_1/x/faker_5544_88_1_20.jpg,164_88_1/y/faker_5544_88_1_20.png
3280,165,88,165_88_2/x/faker_5546_88_2_1.jpg,165_88_2/y/faker_5546_88_2_1.png
3281,165,88,165_88_2/x/faker_5548_88_2_2.jpg,165_88_2/y/faker_5548_88_2_2.png
3282,165,88,165_88_2/x/faker_5557_88_2_3.jpg,165_88_2/y/faker_5557_88_2_3.png
3283,165,88,165_88_2/x/faker_5558_88_2_4.jpg,165_88_2/y/faker_5558_88_2_4.png
3284,165,88,165_88_2/x/faker_5573_88_2_5.jpg,165_88_2/y/faker_5573_88_2_5.png
3285,165,88,165_88_2/x/faker_5579_88_2_6.jpg,165_88_2/y/faker_5579_88_2_6.png
3286,165,88,165_88_2/x/faker_5586_88_2_7.jpg,165_88_2/y/faker_5586_88_2_7.png
3287,165,88,165_88_2/x/faker_5599_88_2_8.jpg,165_88_2/y/faker_5599_88_2_8.png
3288,165,88,165_88_2/x/faker_5608_88_2_9.jpg,165_88_2/y/faker_5608_88_2_9.png
3289,165,88,165_88_2/x/faker_5612_88_2_10.jpg,165_88_2/y/faker_5612_88_2_10.png
3290,165,88,165_88_2/x/faker_5625_88_2_11.jpg,165_88_2/y/faker_5625_88_2_11.png
3291,165,88,165_88_2/x/faker_5633_88_2_12.jpg,165_88_2/y/faker_5633_88_2_12.png
3292,165,88,165_88_2/x/faker_5641_88_2_13.jpg,165_88_2/y/faker_5641_88_2_13.png
3293,165,88,165_88_2/x/faker_5658_88_2_14.jpg,165_88_2/y/faker_5658_88_2_14.png
3294,165,88,165_88_2/x/faker_5662_88_2_15.jpg,165_88_2/y/faker_5662_88_2_15.png
3295,165,88,165_88_2/x/faker_5675_88_2_16.jpg,165_88_2/y/faker_5675_88_2_16.png
3296,165,88,165_88_2/x/faker_5691_88_2_17.jpg,165_88_2/y/faker_5691_88_2_17.png
3297,165,88,165_88_2/x/faker_5733_88_2_18.jpg,165_88_2/y/faker_5733_88_2_18.png
3298,165,88,165_88_2/x/faker_5796_88_2_19.jpg,165_88_2/y/faker_5796_88_2_19.png
3299,165,88,165_88_2/x/faker_5800_88_2_20.jpg,165_88_2/y/faker_5800_88_2_20.png
3300,166,89,166_89_1/x/faker_5803_89_1_1.jpg,166_89_1/y/faker_5803_89_1_1.png
3301,166,89,166_89_1/x/faker_5805_89_1_2.jpg,166_89_1/y/faker_5805_89_1_2.png
3302,166,89,166_89_1/x/faker_5806_89_1_3.jpg,166_89_1/y/faker_5806_89_1_3.png
3303,166,89,166_89_1/x/faker_5807_89_1_4.jpg,166_89_1/y/faker_5807_89_1_4.png
3304,166,89,166_89_1/x/faker_5811_89_1_5.jpg,166_89_1/y/faker_5811_89_1_5.png
3305,166,89,166_89_1/x/faker_5812_89_1_6.jpg,166_89_1/y/faker_5812_89_1_6.png
3306,166,89,166_89_1/x/faker_5814_89_1_7.jpg,166_89_1/y/faker_5814_89_1_7.png
3307,166,89,166_89_1/x/faker_5816_89_1_8.jpg,166_89_1/y/faker_5816_89_1_8.png
3308,166,89,166_89_1/x/faker_5819_89_1_9.jpg,166_89_1/y/faker_5819_89_1_9.png
3309,166,89,166_89_1/x/faker_5820_89_1_10.jpg,166_89_1/y/faker_5820_89_1_10.png
3310,166,89,166_89_1/x/faker_5822_89_1_11.jpg,166_89_1/y/faker_5822_89_1_11.png
3311,166,89,166_89_1/x/faker_5826_89_1_12.jpg,166_89_1/y/faker_5826_89_1_12.png
3312,166,89,166_89_1/x/faker_5828_89_1_13.jpg,166_89_1/y/faker_5828_89_1_13.png
3313,166,89,166_89_1/x/faker_5830_89_1_14.jpg,166_89_1/y/faker_5830_89_1_14.png
3314,166,89,166_89_1/x/faker_5831_89_1_15.jpg,166_89_1/y/faker_5831_89_1_15.png
3315,166,89,166_89_1/x/faker_5834_89_1_16.jpg,166_89_1/y/faker_5834_89_1_16.png
3316,166,89,166_89_1/x/faker_5837_89_1_17.jpg,166_89_1/y/faker_5837_89_1_17.png
3317,166,89,166_89_1/x/faker_5840_89_1_18.jpg,166_89_1/y/faker_5840_89_1_18.png
3318,166,89,166_89_1/x/faker_5843_89_1_19.jpg,166_89_1/y/faker_5843_89_1_19.png
3319,166,89,166_89_1/x/faker_5845_89_1_20.jpg,166_89_1/y/faker_5845_89_1_20.png
3320,167,89,167_89_2/x/faker_5849_89_2_1.jpg,167_89_2/y/faker_5849_89_2_1.png
3321,167,89,167_89_2/x/faker_5851_89_2_2.jpg,167_89_2/y/faker_5851_89_2_2.png
3322,167,89,167_89_2/x/faker_5852_89_2_3.jpg,167_89_2/y/faker_5852_89_2_3.png
3323,167,89,167_89_2/x/faker_5853_89_2_4.jpg,167_89_2/y/faker_5853_89_2_4.png
3324,167,89,167_89_2/x/faker_5855_89_2_5.jpg,167_89_2/y/faker_5855_89_2_5.png
3325,167,89,167_89_2/x/faker_5857_89_2_6.jpg,167_89_2/y/faker_5857_89_2_6.png
3326,167,89,167_89_2/x/faker_5858_89_2_7.jpg,167_89_2/y/faker_5858_89_2_7.png
3327,167,89,167_89_2/x/faker_5863_89_2_8.jpg,167_89_2/y/faker_5863_89_2_8.png
3328,167,89,167_89_2/x/faker_5864_89_2_9.jpg,167_89_2/y/faker_5864_89_2_9.png
3329,167,89,167_89_2/x/faker_5866_89_2_10.jpg,167_89_2/y/faker_5866_89_2_10.png
3330,167,89,167_89_2/x/faker_5867_89_2_11.jpg,167_89_2/y/faker_5867_89_2_11.png
3331,167,89,167_89_2/x/faker_5868_89_2_12.jpg,167_89_2/y/faker_5868_89_2_12.png
3332,167,89,167_89_2/x/faker_5870_89_2_13.jpg,167_89_2/y/faker_5870_89_2_13.png
3333,167,89,167_89_2/x/faker_5872_89_2_14.jpg,167_89_2/y/faker_5872_89_2_14.png
3334,167,89,167_89_2/x/faker_5874_89_2_15.jpg,167_89_2/y/faker_5874_89_2_15.png
3335,167,89,167_89_2/x/faker_5877_89_2_16.jpg,167_89_2/y/faker_5877_89_2_16.png
3336,167,89,167_89_2/x/faker_5879_89_2_17.jpg,167_89_2/y/faker_5879_89_2_17.png
3337,167,89,167_89_2/x/faker_5880_89_2_18.jpg,167_89_2/y/faker_5880_89_2_18.png
3338,167,89,167_89_2/x/faker_5881_89_2_19.jpg,167_89_2/y/faker_5881_89_2_19.png
3339,167,89,167_89_2/x/faker_5884_89_2_20.jpg,167_89_2/y/faker_5884_89_2_20.png
3340,168,90,168_90_1/x/faker_5885_90_1_1.jpg,168_90_1/y/faker_5885_90_1_1.png
3341,168,90,168_90_1/x/faker_5982_90_1_2.jpg,168_90_1/y/faker_5982_90_1_2.png
3342,168,90,168_90_1/x/faker_6025_90_1_3.jpg,168_90_1/y/faker_6025_90_1_3.png
3343,168,90,168_90_1/x/faker_6057_90_1_4.jpg,168_90_1/y/faker_6057_90_1_4.png
3344,168,90,168_90_1/x/faker_0_90_1_5.jpg,168_90_1/y/faker_0_90_1_5.png
3345,168,90,168_90_1/x/faker_7_90_1_6.jpg,168_90_1/y/faker_7_90_1_6.png
3346,168,90,168_90_1/x/faker_15_90_1_7.jpg,168_90_1/y/faker_15_90_1_7.png
3347,168,90,168_90_1/x/faker_26_90_1_8.jpg,168_90_1/y/faker_26_90_1_8.png
3348,168,90,168_90_1/x/faker_30_90_1_9.jpg,168_90_1/y/faker_30_90_1_9.png
3349,168,90,168_90_1/x/faker_36_90_1_10.jpg,168_90_1/y/faker_36_90_1_10.png
3350,168,90,168_90_1/x/faker_38_90_1_11.jpg,168_90_1/y/faker_38_90_1_11.png
3351,168,90,168_90_1/x/faker_51_90_1_12.jpg,168_90_1/y/faker_51_90_1_12.png
3352,168,90,168_90_1/x/faker_64_90_1_13.jpg,168_90_1/y/faker_64_90_1_13.png
3353,168,90,168_90_1/x/faker_74_90_1_14.jpg,168_90_1/y/faker_74_90_1_14.png
3354,168,90,168_90_1/x/faker_75_90_1_15.jpg,168_90_1/y/faker_75_90_1_15.png
3355,168,90,168_90_1/x/faker_77_90_1_16.jpg,168_90_1/y/faker_77_90_1_16.png
3356,168,90,168_90_1/x/faker_78_90_1_17.jpg,168_90_1/y/faker_78_90_1_17.png
3357,168,90,168_90_1/x/faker_80_90_1_18.jpg,168_90_1/y/faker_80_90_1_18.png
3358,168,90,168_90_1/x/faker_86_90_1_19.jpg,168_90_1/y/faker_86_90_1_19.png
3359,168,90,168_90_1/x/faker_97_90_1_20.jpg,168_90_1/y/faker_97_90_1_20.png
3360,169,91,169_91_1/x/faker_98_91_1_1.jpg,169_91_1/y/faker_98_91_1_1.png
3361,169,91,169_91_1/x/faker_99_91_1_2.jpg,169_91_1/y/faker_99_91_1_2.png
3362,169,91,169_91_1/x/faker_100_91_1_3.jpg,169_91_1/y/faker_100_91_1_3.png
3363,169,91,169_91_1/x/faker_102_91_1_4.jpg,169_91_1/y/faker_102_91_1_4.png
3364,169,91,169_91_1/x/faker_103_91_1_5.jpg,169_91_1/y/faker_103_91_1_5.png
3365,169,91,169_91_1/x/faker_104_91_1_6.jpg,169_91_1/y/faker_104_91_1_6.png
3366,169,91,169_91_1/x/faker_105_91_1_7.jpg,169_91_1/y/faker_105_91_1_7.png
3367,169,91,169_91_1/x/faker_106_91_1_8.jpg,169_91_1/y/faker_106_91_1_8.png
3368,169,91,169_91_1/x/faker_107_91_1_9.jpg,169_91_1/y/faker_107_91_1_9.png
3369,169,91,169_91_1/x/faker_108_91_1_10.jpg,169_91_1/y/faker_108_91_1_10.png
3370,169,91,169_91_1/x/faker_109_91_1_11.jpg,169_91_1/y/faker_109_91_1_11.png
3371,169,91,169_91_1/x/faker_110_91_1_12.jpg,169_91_1/y/faker_110_91_1_12.png
3372,169,91,169_91_1/x/faker_111_91_1_13.jpg,169_91_1/y/faker_111_91_1_13.png
3373,169,91,169_91_1/x/faker_112_91_1_14.jpg,169_91_1/y/faker_112_91_1_14.png
3374,169,91,169_91_1/x/faker_113_91_1_15.jpg,169_91_1/y/faker_113_91_1_15.png
3375,169,91,169_91_1/x/faker_114_91_1_16.jpg,169_91_1/y/faker_114_91_1_16.png
3376,169,91,169_91_1/x/faker_115_91_1_17.jpg,169_91_1/y/faker_115_91_1_17.png
3377,169,91,169_91_1/x/faker_116_91_1_18.jpg,169_91_1/y/faker_116_91_1_18.png
3378,169,91,169_91_1/x/faker_117_91_1_19.jpg,169_91_1/y/faker_117_91_1_19.png
3379,169,91,169_91_1/x/faker_118_91_1_20.jpg,169_91_1/y/faker_118_91_1_20.png
3380,170,92,170_92_1/x/faker_119_92_1_1.jpg,170_92_1/y/faker_119_92_1_1.png
3381,170,92,170_92_1/x/faker_120_92_1_2.jpg,170_92_1/y/faker_120_92_1_2.png
3382,170,92,170_92_1/x/faker_121_92_1_3.jpg,170_92_1/y/faker_121_92_1_3.png
3383,170,92,170_92_1/x/faker_122_92_1_4.jpg,170_92_1/y/faker_122_92_1_4.png
3384,170,92,170_92_1/x/faker_123_92_1_5.jpg,170_92_1/y/faker_123_92_1_5.png
3385,170,92,170_92_1/x/faker_124_92_1_6.jpg,170_92_1/y/faker_124_92_1_6.png
3386,170,92,170_92_1/x/faker_125_92_1_7.jpg,170_92_1/y/faker_125_92_1_7.png
3387,170,92,170_92_1/x/faker_126_92_1_8.jpg,170_92_1/y/faker_126_92_1_8.png
3388,170,92,170_92_1/x/faker_127_92_1_9.jpg,170_92_1/y/faker_127_92_1_9.png
3389,170,92,170_92_1/x/faker_128_92_1_10.jpg,170_92_1/y/faker_128_92_1_10.png
3390,170,92,170_92_1/x/faker_129_92_1_11.jpg,170_92_1/y/faker_129_92_1_11.png
3391,170,92,170_92_1/x/faker_130_92_1_12.jpg,170_92_1/y/faker_130_92_1_12.png
3392,170,92,170_92_1/x/faker_131_92_1_13.jpg,170_92_1/y/faker_131_92_1_13.png
3393,170,92,170_92_1/x/faker_133_92_1_14.jpg,170_92_1/y/faker_133_92_1_14.png
3394,170,92,170_92_1/x/faker_134_92_1_15.jpg,170_92_1/y/faker_134_92_1_15.png
3395,170,92,170_92_1/x/faker_135_92_1_16.jpg,170_92_1/y/faker_135_92_1_16.png
3396,170,92,170_92_1/x/faker_136_92_1_17.jpg,170_92_1/y/faker_136_92_1_17.png
3397,170,92,170_92_1/x/faker_137_92_1_18.jpg,170_92_1/y/faker_137_92_1_18.png
3398,170,92,170_92_1/x/faker_138_92_1_19.jpg,170_92_1/y/faker_138_92_1_19.png
3399,170,92,170_92_1/x/faker_139_92_1_20.jpg,170_92_1/y/faker_139_92_1_20.png
